,n,err,FP rate,negatives,FN rate,positives,se
25009211300,2965,0.27217537942664416,0.3690958164642375,1482,0.17532029669588667,1483,0.008173826988791745
25009266300,4043,0.19292604501607713,0.6489252814738997,977,0.04761904761904767,3066,0.0062058350258188755
25017353900,7313,0.24176124709421576,0.12434456928838955,5340,0.5595539787126204,1973,0.0050066651391271885
25025070200,13469,0.2750018561140396,0.3905594405594406,5720,0.18970189701897022,7749,0.0038474110098602314
25025091800,5595,0.3192135835567471,0.21847200418628987,3822,0.5363790186125211,1773,0.006232267378803228
25025110103,8712,0.3329889807162535,0.22618520159503763,4514,0.4478323010957599,4198,0.0050491991682182265
25009217400,5412,0.22080561714708058,0.359415753781951,1917,0.14477825464949934,3495,0.005638311572440067
25023525104,2905,0.2251290877796902,0.5135722041259501,921,0.09122983870967738,1984,0.007749209756283281
25017357200,5650,0.2651327433628319,0.11832829808660628,3972,0.6126340882002383,1678,0.005872349664056414
25021456200,6997,0.17864799199657,0.42496924969249694,1626,0.10407745298827031,5371,0.004579391716275314
25009268400,2597,0.2683865999229881,0.535181236673774,938,0.11754068716094035,1659,0.008695313909419966
25017330200,8108,0.1851258016773557,0.40309713749413423,2131,0.10741174502258655,5977,0.004313421408407272
25017317302,3475,0.29035971223021584,0.3575380359612724,1446,0.24248398225726964,2029,0.0077003400792657155
25017333501,8993,0.21972645390859558,0.5553897799328609,2681,0.0771546261089987,6312,0.004366287396006425
25021456102,4474,0.2510058113544926,0.31652257444764653,2082,0.19397993311036787,2392,0.006482359647059341
25023502102,2811,0.34222696549270726,0.46194225721784776,1524,0.20046620046620045,1287,0.008948798376361809
25017382400,2749,0.3142961076755184,0.29554655870445345,1729,0.346078431372549,1020,0.008854222652278063
25021416400,7085,0.30543401552575866,0.2663425175580767,3702,0.34821164646763225,3383,0.005471992945999506
25017333600,12574,0.1427548910450135,0.5335051546391752,2328,0.05397228186609404,10246,0.003119688833264326
25025160200,6544,0.2736858190709046,0.16800178015131284,4494,0.5053658536585366,2050,0.00551146132304331
25017342201,4453,0.2953065349202785,0.17914831130690156,2724,0.4783111625216888,1729,0.00683612984899326
25017350200,7490,0.2558077436582109,0.12532795156407672,4955,0.5108481262327416,2535,0.00504148533253561
25017318400,6524,0.1589515634580012,0.6248912097476066,1149,0.059348837209302285,5375,0.004526743949081099
25025010404,8620,0.24721577726218102,0.1606934489081514,5999,0.44524990461655856,2621,0.004646433364278644
25009261102,4416,0.17595108695652173,0.5752741774675971,1003,0.058599472604746516,3413,0.005730043779143518
33015061001,2309,0.2113469034213945,0.5153970826580228,617,0.10047281323877066,1692,0.008496283288899996
25025092300,5096,0.2908163265306123,0.18376478108021732,3129,0.4611082867310625,1967,0.006361712624016242
25025110201,3653,0.3553243909115795,0.2522031053294167,2383,0.5488188976377952,1270,0.007918780293704684
25009211402,8343,0.15210355987055013,0.5368598761958356,1777,0.04797441364605548,6566,0.003931696386944821
25009252602,5155,0.16799224054316197,0.5450097847358122,1022,0.07476409387853855,4133,0.005207076578164855
25025080401,8992,0.2820284697508897,0.13695329873980722,5396,0.49972191323692994,3596,0.004745390299292826
25025081400,7037,0.27184879920420635,0.09318377911993092,4636,0.6168263223656809,2401,0.005303721597043458
25017373700,6404,0.30043722673329165,0.12910798122065725,3834,0.5560311284046693,2570,0.005728811809440565
25025170300,9520,0.248109243697479,0.465411379451494,2443,0.17309594460929778,7077,0.004426702859088487
33015107100,2625,0.1657142857142857,0.6126482213438735,506,0.05899008966493624,2119,0.007257260698598659
33017084300,2130,0.25164319248826295,0.23205741626794263,418,0.2564252336448598,1712,0.009402798908111066
25017322200,2872,0.22110027855153203,0.43463687150837993,895,0.12443095599393017,1977,0.0077436051740717325
25017323100,2615,0.3005736137667304,0.415282392026578,1204,0.20269312544294826,1411,0.008966244675709013
25021418003,4132,0.26597289448209105,0.3205461638491548,1538,0.2336160370084811,2594,0.0068737634438931295
25023530700,1553,0.2414681262073406,0.4260089686098655,446,0.16711833785004515,1107,0.010860031763855424
25025060501,7384,0.278169014084507,0.0960285774322337,4759,0.6083809523809524,2625,0.005214663539469257
25025061200,12527,0.2955216731859184,0.3530225207427894,5062,0.2565304755525787,7465,0.004076664280400104
25017352102,11518,0.29640562597673203,0.23293571901921806,6036,0.366289675300985,5482,0.004255159691011918
25021421200,4488,0.2713903743315508,0.32324760463943525,1983,0.2303393213572854,2505,0.00663770960023236
25017373100,7043,0.3133607837569218,0.27441285537700866,4045,0.3659106070713809,2998,0.0055272330951336894
25017374300,5495,0.2500454959053685,0.2599118942731278,2724,0.24034644532659688,2771,0.005841752169042644
25025051200,5356,0.24421209858103066,0.12878787878787878,4092,0.6178797468354431,1264,0.005870340214030949
25025170702,5475,0.2741552511415525,0.2065799540933435,2614,0.3358965396714435,2861,0.00602876134567598
25021412300,8211,0.1964437949092681,0.4544247787610619,2260,0.09847084523609473,5951,0.0043845927469169065
25021419700,4279,0.25870530497779853,0.3206314643440392,1837,0.21212121212121215,2442,0.006694636022464162
25017368400,6099,0.2787342187243811,0.28529886914378033,3095,0.27197070572569904,3004,0.005741342977862901
25025170800,3270,0.2798165137614679,0.1538844621513944,2008,0.48019017432646594,1262,0.007850266019136343
25021422502,4360,0.2587155963302752,0.23916292974588937,2007,0.27539311517212073,2353,0.00663224394592045
25023530200,2018,0.2710604558969276,0.3342318059299192,742,0.23432601880877746,1276,0.009895056006541116
25017357100,5078,0.26506498621504526,0.20503288533028308,3497,0.3978494623655914,1581,0.006193758996892904
25017369100,7214,0.2861103410036041,0.21322889469103568,3447,0.35280063711176,3767,0.0053210121920334846
25017341500,5427,0.26165468951538606,0.21892893230043786,2969,0.3132628152969894,2458,0.005966423973403352
25017354100,9479,0.3020360797552485,0.1643150562600464,5599,0.5007731958762887,3880,0.004715900543100078
25025000703,7369,0.29081286470348755,0.13933832407631008,4141,0.4851301115241635,3228,0.00529033231627422
25025090901,7778,0.30920545127282073,0.4173870091380588,4049,0.19174041297935107,3729,0.005240395347813703
25017311300,2135,0.3011709601873537,0.3496877787689563,1121,0.24753451676528604,1014,0.009928715785819853
25017316500,6242,0.22685036847164375,0.5822222222222222,1800,0.08284556506078344,4442,0.005300778279443361
25009223200,3022,0.24520185307743214,0.414767547857794,1097,0.14857142857142858,1925,0.007825823641004256
25009254402,5439,0.2625482625482626,0.5391780821917809,1825,0.12285556170448253,3614,0.005966392862639011
25009217100,6368,0.1703831658291457,0.47442799461641993,1486,0.07783695206882424,4882,0.004711406668939017
33015003701,3450,0.16840579710144932,0.56,625,0.08176991150442481,2825,0.006371250749823235
25023520100,4743,0.20008433480919252,0.40271186440677964,1475,0.10862913096695226,3268,0.005809009443744361
25023520201,4008,0.23228542914171657,0.3896285914505957,1427,0.1452925222781868,2581,0.006670325378587526
33015063002,5243,0.09917985885943159,0.6897196261682244,535,0.03207306711979607,4708,0.004128011115397474
33015106102,2920,0.23287671232876717,0.3558648111332008,1006,0.16823406478578895,1914,0.007821754637602756
25021403300,5370,0.2642458100558659,0.2542796005706134,2804,0.2751363990646921,2566,0.006017045339922145
25021413200,5450,0.2537614678899083,0.4011904761904762,2520,0.12696245733788392,2930,0.005894587554795498
25009261000,3483,0.2638530002871088,0.5406626506024097,1328,0.09327146171693734,2155,0.00746769469910462
25025981202,8203,0.31695721077654515,0.33688699360341157,4221,0.2958312405826218,3982,0.0051373353711579
25023523201,2487,0.2762364294330518,0.3647700701480904,1283,0.18189368770764125,1204,0.008966045597579408
33015052000,1176,0.35969387755102045,0.47448275862068967,725,0.17516629711751663,451,0.013994477530918313
33015100400,7073,0.14124134030821434,0.5774783445620789,1039,0.06612529002320189,6034,0.004141089823371409
25017342600,4026,0.3015399900645802,0.14486638537271446,2133,0.4780771262546223,1893,0.00723279815937206
25023510700,3197,0.2902721301219894,0.31385281385281383,1386,0.27222528989508554,1811,0.008027443945719453
25023511400,2525,0.3247524752475247,0.4143484626647145,1366,0.21915444348576363,1159,0.009319165922566725
25021400300,8192,0.2677001953125,0.1142165082914105,5367,0.55929203539823,2825,0.0048918578810196855
25025060600,14924,0.233248458858215,0.4878693250060053,4163,0.13474584146454793,10761,0.00346173723995228
25009250300,3204,0.3096129837702871,0.48268238761974946,1357,0.18245804006497024,1847,0.008167885410305937
25009250800,2891,0.2801798685575926,0.40014367816091956,1392,0.16877918612408271,1499,0.008352306288885496
25009250700,2262,0.2572944297082228,0.40335195530726253,895,0.16166788588149228,1367,0.00919130615415123
25025050600,7157,0.29635322062316616,0.10540479928235025,4459,0.611934766493699,2698,0.005397798510686865
25025051000,6956,0.26279470960322027,0.2257822277847309,3995,0.3127321850726106,2961,0.005277433189055846
25009210600,3995,0.22853566958698368,0.223826714801444,2216,0.23440134907251264,1779,0.006643187808475425
25025981300,12364,0.1796344225169848,0.8942821883998354,2431,0.0047317024061209745,9933,0.003452383222674774
25017359100,7679,0.2215132178669098,0.5372512725590004,2161,0.09786154403769487,5518,0.004738851622435592
25017361300,5366,0.2940737979873276,0.4281636536631779,2102,0.20772058823529416,3264,0.006219886819475165
25009210300,10377,0.14773055796472967,0.5346011621764395,1893,0.06140971239981141,8484,0.003483274651002999
25009213100,2501,0.2946821271491403,0.30209617755856966,1622,0.28100113765642776,879,0.009116171707496469
25017320104,2579,0.2497091896083753,0.35276967930029157,1029,0.18129032258064515,1550,0.008523273118831892
25021404202,5748,0.27400835073068897,0.24362244897959184,2352,0.2950530035335689,3396,0.005882871094452238
25021402400,9335,0.19400107123727905,0.3597756410256411,2496,0.13349904956865044,6839,0.004092720955568125
25023511100,2517,0.2220897894318633,0.372,1000,0.12326961107448908,1517,0.008284902929560151
25017382602,7019,0.19390226527995436,0.388578522656735,1611,0.1359097633136095,5408,0.00471897493462024
25009206200,2312,0.2262110726643599,0.13708149084017685,1583,0.41975308641975306,729,0.0087011022068678
25009208200,6204,0.2587040618955513,0.28920807453416153,2576,0.23704520396912898,3628,0.005559830343786715
25021401100,5786,0.26132042862080884,0.23331709693131997,4106,0.3297619047619048,1680,0.005775977735854693
25017368200,10296,0.19968919968919974,0.508641975308642,2430,0.10424612255275867,7866,0.003939783528547595
25021400700,8491,0.3309386409139089,0.19836196564123054,5006,0.521377331420373,3485,0.005106546527522623
25021400100,9181,0.28079729876919723,0.13139841688654352,5685,0.5237414187643021,3496,0.004690046234976023
25025120500,6726,0.2854594112399643,0.12858683926645087,4635,0.6331898613103778,2091,0.0055069001640095944
33015106200,2505,0.21157684630738527,0.46805555555555556,720,0.10812324929971984,1785,0.008160370730835285
33015106400,2846,0.16233309908643712,0.48028673835125446,558,0.08479020979020979,2288,0.006912287124493393
25021418002,6196,0.27517753389283406,0.3773109243697479,2380,0.21147798742138368,3816,0.005673703096954459
25021419100,10482,0.1701965273802709,0.5354659248956884,2157,0.0755555555555556,8325,0.003670632399227976
25009206000,3711,0.2616545405551064,0.18620079610791684,2261,0.3793103448275862,1450,0.007215201510564327
25009211401,6465,0.19211136890951275,0.506885593220339,1888,0.062267861044352224,4577,0.00489968338458481
25023510300,3032,0.3054089709762533,0.3819173811379579,1283,0.2492853058890795,1749,0.00836451725363585
25025101001,7024,0.29698177676537585,0.16653038975197598,3669,0.4396423248882265,3355,0.0054520011716804135
25009209100,7909,0.19231255531672775,0.39837745516652434,2342,0.10562241781929227,5567,0.004431642283585134
25017311400,4928,0.21063311688311692,0.4357388316151203,1455,0.11632594298877053,3473,0.005808545941698513
25017368800,7916,0.2750126326427489,0.2273950484391819,3716,0.31714285714285717,4200,0.005018670101418182
25009205500,4104,0.2551169590643275,0.3708950418544752,1553,0.18463347706781652,2551,0.006804716434640886
33015003400,3361,0.18000595060993752,0.42471590909090906,704,0.11516748212269479,2657,0.0066269626859239116
25017353101,10209,0.26888039964737,0.18734402852049914,5610,0.3683409436834094,4599,0.00438815726896219
25017354700,9071,0.3298423547569177,0.1150619985412108,5484,0.6582102035126847,3587,0.00493644287718584
25025080900,7703,0.27236141762949495,0.14140179299103506,4908,0.5023255813953489,2795,0.005072250616496102
25025010203,12671,0.27993055007497436,0.2748880468480882,5806,0.28419519300801166,6865,0.0039884752015930105
25025010300,10728,0.25195749440715887,0.3769884506428416,4589,0.1584948688711516,6139,0.004191479979689345
25009210700,4687,0.26712182632814163,0.34168466522678187,2315,0.19435075885328834,2372,0.006462835544436463
25021414100,3127,0.297729453149984,0.37177747625508817,1474,0.2316999395039322,1653,0.008177097695853518
25017332300,4742,0.270560944749051,0.26318312559923296,2086,0.276355421686747,2656,0.0064512858389848765
25017374700,6525,0.2977777777777778,0.25305514157973175,3355,0.3451104100946373,3170,0.005661000180227638
25017331200,5345,0.21758652946679136,0.35386338185890254,1786,0.14919921326215224,3559,0.0056436530517269805
25017358400,8205,0.2719073735527118,0.3242024965325936,2884,0.24356323999248264,5321,0.004912069649978245
25025020301,12283,0.29268094113815846,0.585031185031185,4810,0.10450956777733178,7473,0.004105373510143805
25017332400,14544,0.1330445544554455,0.6655613453339649,2111,0.042628488699428924,12433,0.002816144973182902
25017341800,7778,0.2787348932887632,0.3224450194049159,3092,0.24989329918907388,4686,0.005084042370840252
25009253203,2905,0.2743545611015491,0.4571190674437968,1201,0.14553990610328638,1704,0.008278378114168544
25017335100,8300,0.22168674698795177,0.3426423200859291,2793,0.16034138369348105,5507,0.00455940353842991
25017357700,5359,0.27971636499346897,0.13315618541482133,3387,0.5314401622718052,1972,0.006131529656914939
25023511600,4158,0.24915824915824913,0.5063380281690141,1420,0.11577794010226439,2738,0.006707637739825859
25021404302,5453,0.3152393178067119,0.2730939895119,2479,0.3503698722259583,2974,0.006291755662092622
25023545300,1336,0.21182634730538918,0.3485254691689008,373,0.15887850467289721,963,0.011178865119892398
25009223300,3292,0.23906439854191985,0.4648006785411366,1179,0.11310932323710365,2113,0.007433639425398422
25017350103,12445,0.2763358778625954,0.36802480070859167,4516,0.22411401185521507,7929,0.00400857217740266
25021404100,5782,0.2819093739190591,0.36337314513210284,2763,0.20735342828751246,3019,0.005917051423369958
25025070101,21302,0.1722842925546897,0.6919586589362239,3967,0.053360253821747916,17335,0.0025873384955846413
25025170100,5599,0.29916056438649763,0.19228232189973615,3032,0.4253992987923646,2567,0.0061193628243211015
25023503101,5874,0.17926455566905009,0.4624413145539906,1278,0.10052219321148825,4596,0.005004743659708449
25023530500,2284,0.20096322241681264,0.5290806754221389,533,0.10108509423186751,1751,0.008384817758882866
25017351204,10113,0.31197468604766143,0.11454576678687967,5823,0.57995337995338,4290,0.004607038940918234
25021413500,6629,0.20063357972544882,0.5400254129606099,1574,0.09495548961424327,5055,0.0049187047196260665
33015065005,780,0.28205128205128205,0.5545454545454546,330,0.0822222222222222,450,0.0161125192743021
33017081500,2333,0.21003000428632657,0.34413965087281795,401,0.18219461697722572,1932,0.008433126198636615
25025070900,7246,0.2485509246480817,0.08361518226230735,5322,0.7047817047817048,1924,0.00507701333275693
25009217300,6404,0.2089319175515303,0.5287162162162162,1776,0.08621434745030254,4628,0.0050802333899171576
25025080601,9963,0.28555655926929635,0.24526844341444576,5178,0.32915360501567403,4785,0.0045251703381350775
25009251400,2024,0.31373517786561267,0.3561643835616438,1168,0.2558411214953271,856,0.010313883540805709
25021410100,6265,0.14301675977653627,0.656391659111514,1103,0.03332041844246414,5162,0.004423021941670366
25025981700,4982,0.30590124448012845,0.2695514092894006,2519,0.3430775477060495,2463,0.006528289319746772
33015055002,2598,0.1524249422632794,0.5202312138728324,519,0.06060606060606055,2079,0.007051760115274061
25017313101,4552,0.21660808435852374,0.46182495344506513,1074,0.1408855664174813,3478,0.006105563421178943
25021403400,4124,0.29340446168768186,0.33121244255920823,2829,0.21081081081081077,1295,0.007090216130641258
25021440100,3565,0.18541374474053296,0.48339060710194726,873,0.08878157503714712,2692,0.006508932000945963
25025040100,7554,0.26528991262907065,0.17274770880166002,5783,0.567476002258611,1771,0.005079604267949832
25025040801,8442,0.2810945273631841,0.14076977904490373,5612,0.5593639575971732,2830,0.004892596678302134
25025010600,14164,0.25811917537418805,0.3523717328170377,5165,0.20402266918546508,8999,0.0036769205721609377
25021411302,3286,0.26171637248934876,0.18397626112759646,1685,0.34353529044347286,1601,0.007668197417338292
25025140106,3333,0.34593459345934596,0.1918475852902083,2257,0.6691449814126393,1076,0.00823929267271248
25021416101,4996,0.27862289831865494,0.2741038318912238,3236,0.28693181818181823,1760,0.00634276124936503
25025130100,5363,0.278202498601529,0.1372784620006008,3329,0.5088495575221239,2034,0.006119054224970465
25021415200,5597,0.24566732177952477,0.49275362318840576,2001,0.10817575083426034,3596,0.005754101298739459
25009218100,2799,0.25008931761343334,0.35,1120,0.18344252531268612,1679,0.008185607032895727
25017373900,6458,0.28120161040569835,0.23452518262206845,2601,0.31267824734249416,3857,0.0055945277081556385
25023561200,2243,0.20775746767721803,0.3580786026200873,916,0.10399397136397892,1327,0.008566289785390138
25021411200,5729,0.22272647931576195,0.3857308584686775,1724,0.15255930087390757,4005,0.005497097644649734
25021456402,2162,0.2844588344125809,0.35457516339869277,1224,0.19296375266524524,938,0.00970284693473316
25017366100,3815,0.2736566186107471,0.2284836065573771,1952,0.32098765432098764,1863,0.007218163228517357
25025010103,8796,0.1950886766712142,0.09986130374479885,6489,0.46293888166449937,2307,0.004225201638833399
25023500104,3584,0.291015625,0.3083864118895966,1884,0.2717647058823529,1700,0.007587391352442354
25017351100,7602,0.2662457248092607,0.1321315740568667,5381,0.5911751463304817,2221,0.005069355067830889
25025092101,9317,0.2845336481700118,0.26181649675625585,4316,0.30413917216556685,5001,0.004674373113521073
25025010204,8440,0.3093601895734597,0.2670952659263589,5133,0.3749622013909888,3307,0.005031376229531668
25025080801,6737,0.2821730740685765,0.15891294334408101,4342,0.5056367432150313,2395,0.005483203742364762
25025000802,10758,0.2859267521844209,0.2025536854323854,5169,0.3630345321166577,5589,0.004356452740111568
25025020303,13912,0.2542409430707303,0.4669032830523514,5635,0.10945994925697722,8277,0.003691707034598091
25017336401,5687,0.28556356602778266,0.22587093089663046,3502,0.3812356979405034,2185,0.005989513956673477
25017342400,14759,0.1814486076292432,0.5449970396684429,3378,0.07354362534047976,11381,0.0031722786576012627
25009252202,1513,0.35426305353602117,0.5347517730496454,705,0.19678217821782173,808,0.012296210369392319
25017339801,8690,0.25017261219792863,0.24699398797595196,3992,0.25287356321839083,4698,0.004646122358417754
25023510501,3314,0.272178636089318,0.4181002243829469,1337,0.17349519473950425,1977,0.007731489392573877
25017335301,4629,0.26593216677468134,0.217479674796748,2460,0.3208852005532503,2169,0.006493964984204452
33015065006,519,0.2601156069364162,0.42543859649122806,228,0.13058419243986252,291,0.01925668204545732
25009267102,4392,0.17372495446265934,0.6135040745052387,859,0.06679875459949047,3533,0.0057169218558044705
25021417200,7182,0.28877749930381513,0.33164642375168696,2964,0.2586533902323376,4218,0.0053476345330257516
25021417602,6119,0.22650759928092823,0.156809220503488,3297,0.30793763288447906,2822,0.005350928988887029
25009203302,3475,0.2638848920863309,0.25172964342735493,1879,0.27819548872180455,1596,0.007476575521552119
25017352400,11374,0.28204677334271144,0.2580868361875108,5781,0.3068120865367423,5593,0.004219412952609093
25017315402,3799,0.2790207949460385,0.60932944606414,1372,0.092295014421096,2427,0.007276876568720872
25025100800,6441,0.2856699270299643,0.2245843554101935,3669,0.36652236652236647,2772,0.005628660823898979
25017354800,6064,0.23812664907651715,0.10797814207650269,4575,0.6380120886501007,1489,0.005469728822332899
25017310200,3170,0.2709779179810725,0.3278560250391236,1278,0.2325581395348837,1892,0.007894191570473183
25009207000,5727,0.2779814911821198,0.29191238416175236,2374,0.26811810319117213,3353,0.005919956478844836
25025170701,3937,0.25933451866903734,0.11369622475856012,2278,0.45931283905967446,1659,0.006984872912603076
25025010701,11055,0.2823156942559928,0.20934676858929813,5756,0.3615776561615399,5299,0.004281094968850336
25009208400,10737,0.16792400111763062,0.47322175732217575,2390,0.0805079669342279,8347,0.0036074175000256293
25017314200,4194,0.25870290891750114,0.4753761969904241,1462,0.14275256222547583,2732,0.006762115600896406
25025010403,8365,0.22749551703526594,0.13776837996096292,6148,0.47631935047361296,2217,0.004583570894786523
25025090700,11290,0.25606731620903456,0.30512404358914913,4313,0.22574172280349725,6977,0.004107683027739676
25025180101,4628,0.2791702679343129,0.12782228696285503,2746,0.5,1882,0.0065940806172389045
25017373500,5233,0.2564494553793235,0.17139880177129463,3839,0.490674318507891,1394,0.006036438373031787
25021400500,6414,0.26177112566261307,0.07713248638838477,4408,0.6674975074775673,2006,0.005488983260681073
25017357500,3417,0.16242317822651453,0.061047519944502304,2883,0.7097378277153559,534,0.006309774492122797
25017356702,7999,0.30103762970371295,0.20516431924882628,4260,0.41027012570205934,3739,0.005128843439815565
25017361200,3837,0.28355486056815216,0.376599634369287,1641,0.2140255009107468,2196,0.0072763590121276926
25017367100,2643,0.3178206583427923,0.26102610261026105,2222,0.6175771971496438,421,0.009057154198578282
25023501102,5899,0.2446177318189524,0.32332081768877763,2397,0.1907481439177613,3502,0.005596779053040649
25023501202,6018,0.2007311399135926,0.46254458977407853,1682,0.09916974169741699,4336,0.005163304409628031
25009260100,4814,0.20980473618612383,0.45137342242019307,1347,0.11595038938563595,3467,0.005868428426214374
25009260302,2190,0.29269406392694064,0.4511352418558736,1013,0.1563296516567545,1177,0.009722737293996465
25009204102,4333,0.2423263327948304,0.2882781828379136,1783,0.21019607843137256,2550,0.006509491396682954
25017337300,7636,0.25039287585123104,0.3789279112754159,3246,0.15535307517084285,4390,0.004957867054224818
25017334400,8145,0.18809085328422348,0.5486531061022539,1819,0.0844135314574771,6326,0.004330041024351189
25017337202,6491,0.21059929132645205,0.4182915506035283,2154,0.10744754438551996,4337,0.005060825980862525
25023525101,3950,0.17594936708860764,0.4454638124362895,981,0.0868979454361738,2969,0.006058599648323433
25009221600,1698,0.2555948174322733,0.3198324022346368,716,0.2087576374745418,982,0.010585512098724721
25025081001,11498,0.27265611410680113,0.5144435004248089,4708,0.10500736377025033,6790,0.0041530423952154385
25017315500,4460,0.23744394618834086,0.30234882558720644,2001,0.18462789751931674,2459,0.006371607399514947
25021402500,7469,0.2585352791538359,0.4071246819338422,3144,0.1505202312138728,4325,0.005066101928675705
25017321300,3197,0.23396934626212074,0.36832579185520364,1105,0.1630019120458891,2092,0.007487403482360381
25017370102,10098,0.30530798177857,0.25637818909454724,3998,0.33737704918032785,6100,0.0045829756576352835
25009203301,3767,0.2572338731085745,0.2214060860440713,1906,0.29392799570123584,1861,0.007121841652256331
25025010702,12644,0.29950964884530207,0.27425658453695834,5885,0.3214972629087143,6759,0.00407346739203188
25025082100,5965,0.30595138306789604,0.17638483965014573,4116,0.5943753380205516,1849,0.0059664490031970845
25017321100,3728,0.29452789699570814,0.36857349746560464,1381,0.2509586706433745,2347,0.0074656081080161744
25017383102,2722,0.25753122703894193,0.37742504409171074,1134,0.17191435768261965,1588,0.008381272950712318
25009210400,5629,0.21460294901403443,0.3584693303320202,1777,0.1482346832814122,3852,0.005472009612267827
25017314102,3062,0.24461136512083603,0.3483320403413499,1289,0.16920473773265654,1773,0.007768209789643313
25017315403,2405,0.2748440748440748,0.3357296908698778,1391,0.19132149901380668,1014,0.009103352272975918
25017311600,4600,0.23086956521739133,0.5193164933135215,1346,0.1115550092194223,3254,0.006213043941259949
25017312100,2391,0.28105395232120456,0.3751196172248804,1045,0.20802377414561668,1346,0.009192914283636047
25009202101,4502,0.24478009773434029,0.3023777478689995,2229,0.18829740431148267,2273,0.006407992869018926
25009268200,4687,0.15831021975677406,0.56265664160401,798,0.07534070455129849,3889,0.005331912651919693
25009268300,4891,0.15456961766509913,0.6287192755498059,773,0.0655658086449733,4118,0.005168947967959648
25025030300,17736,0.21814388813712227,0.6433297758804696,4685,0.0655122212857252,13051,0.00310103810267629
25017363102,4651,0.23801333046656636,0.42601514108740535,1453,0.15259537210756724,3198,0.0062445501500418546
25017363202,2958,0.2778904665314401,0.4046511627906977,1290,0.17985611510791366,1668,0.008236435057424128
25025160501,4316,0.25185356811862836,0.1431309904153355,3130,0.5387858347386172,1186,0.006607339775740423
33017080203,1672,0.21411483253588515,0.6487603305785123,484,0.03703703703703709,1188,0.01003193677198666
33017080204,1742,0.2278989667049368,0.5283363802559415,547,0.0903765690376569,1195,0.010050419040671279
25017340000,4700,0.2327659574468085,0.12240332374560559,3129,0.452577975811585,1571,0.006164171813721665
25025000502,7712,0.3053682572614108,0.22015281757402105,4188,0.4066401816118048,3524,0.005244520019830209
25021457200,6516,0.2731737262124002,0.20753424657534247,2920,0.32647385984427146,3596,0.005520065545063532
25023523100,2960,0.23445945945945945,0.36291038154392197,1127,0.15548281505728312,1833,0.007787034904974836
25009260301,3571,0.22066647997759736,0.4222222222222223,1080,0.13327980730630273,2491,0.0069396079618930994
25017315100,6926,0.15795552988738093,0.47212165097755254,1381,0.07971145175834082,5545,0.004382215068143276
25017312400,2673,0.2817059483726151,0.3843648208469055,1228,0.19446366782006919,1445,0.008700609243390549
25017331102,8061,0.1956332961171071,0.48044444444444445,2250,0.08535536052314574,5811,0.004418287457544442
25009210500,4794,0.2503128911138923,0.35702479338842974,2420,0.1415332771693345,2374,0.006256516797019951
25025170501,5704,0.2747194950911641,0.2544610992148465,2802,0.29427980702963474,2902,0.005910279010780878
33017081400,1748,0.23627002288329524,0.34563106796116505,515,0.19059205190592055,1233,0.010160229460158819
25017312200,4623,0.23556132381570405,0.398876404494382,1424,0.16286339481087841,3199,0.006241103320324354
25017339300,5298,0.24405436013590032,0.14047432890278866,3837,0.5160848733744011,1461,0.00590109480207463
25025050901,7204,0.280399777901166,0.17730857288221824,3931,0.4042163153070577,3273,0.005292338632680512
25025160300,4848,0.32178217821782173,0.3172135866436384,3474,0.33333333333333337,1374,0.006709409308364259
25025081200,7332,0.2973267866884888,0.1876861966236345,5035,0.5376578145407053,2297,0.0053380481828421205
25025110301,5705,0.3041191936897458,0.21467735132855337,2371,0.3677264547090582,3334,0.006090620217979222
33015069200,2056,0.22178988326848248,0.46379647749510766,511,0.14174757281553396,1545,0.009162368342948535
25025100400,5221,0.2844282704462746,0.1838046272493573,3112,0.43290659080132765,2109,0.006243615078667806
25021401200,6779,0.32305649800855585,0.19383259911894268,3632,0.4721957419764855,3147,0.005679794664357808
25025092400,6387,0.27665570690465,0.13862201482294811,3643,0.45991253644314867,2744,0.005597497242373949
25009206500,3350,0.2361194029850746,0.15321011673151752,2056,0.36785162287480677,1294,0.0073376361747194314
25021418200,6851,0.25397752152970365,0.40587797619047616,2688,0.15589718952678355,4163,0.005258920594217007
25021420202,4394,0.2835685025034137,0.41470588235294115,1700,0.20081662954714175,2694,0.006799646013628026
25021413401,5128,0.3200078003120125,0.3167439898776887,2371,0.3228146536089953,2757,0.006514157270118378
25021415101,4251,0.290519877675841,0.3777466105656849,2139,0.20217803030303028,2112,0.00696325805062672
25017316102,5259,0.22875071306332007,0.4463712267180475,1557,0.1372231226364128,3702,0.005791979694080311
25009251700,5212,0.23484267075978515,0.47769784172661867,1390,0.14652014652014655,3822,0.005871670457221787
25009267101,2548,0.1781789638932496,0.5359375,640,0.05817610062893086,1908,0.007580836491766914
25017352600,4899,0.2292304551949378,0.1444942700548082,4014,0.6135593220338983,885,0.006005438332922645
25009205100,2935,0.26780238500851794,0.21689634511683642,1669,0.334913112164297,1266,0.008173674190711319
25009264100,2906,0.2832071576049553,0.36587183308494786,1342,0.21227621483375958,1564,0.008357976344637584
25017368300,7779,0.26455842653297335,0.44507893852872016,2977,0.15264473136193257,4802,0.005001185943469642
25025010104,9963,0.2841513600321188,0.16455487905216393,6077,0.47117858980957283,3886,0.004518459630104986
25023561100,1149,0.21932114882506526,0.3965936739659367,411,0.12059620596205967,738,0.012207210930316202
25023524102,3361,0.2207676286819399,0.43189964157706096,1116,0.11581291759465484,2245,0.007154296470730141
25017320102,2259,0.23151837096060202,0.31871657754010696,935,0.16993957703927487,1324,0.008874652537783067
25009254403,2530,0.27905138339920954,0.29282750444576167,1687,0.2514827995255041,843,0.008917312486677702
25017356602,4650,0.2819354838709678,0.15778894472361804,2985,0.5045045045045045,1665,0.006598270656549157
25023526100,2931,0.20675537359263052,0.44685242518059853,969,0.08817533129459731,1962,0.007480386935259093
25023530600,2936,0.1600817438692098,0.433920704845815,454,0.10999194198227236,2482,0.006767237027425231
25023530902,1062,0.2627118644067796,0.6476510067114094,298,0.11256544502617805,764,0.013505050345934567
25009210200,5393,0.21361023549045055,0.4168326693227091,2008,0.09305760709010336,3385,0.005581034990385714
25017368500,6843,0.28876223878415896,0.23118979432439468,3841,0.3624250499666889,3002,0.005478407500475961
33015065008,2555,0.1432485322896282,0.7682291666666666,384,0.03270382312298481,2171,0.006930699461386903
25023511702,4395,0.20295790671217295,0.5217785843920145,1102,0.09626480412997263,3293,0.006066862843254257
25023502101,3874,0.2687145069695406,0.326278659611993,1701,0.22365393465255412,2173,0.007122119026699446
25025100900,6261,0.28126497364638237,0.17613009922822487,3628,0.42612988985947586,2633,0.005682250547969785
25017332200,7902,0.22968868640850415,0.46489632593670427,2749,0.10421113914224722,5153,0.0047318876826066844
25021415300,4883,0.29858693426172433,0.4401606425702811,2490,0.15127455077308816,2393,0.006549059912400337
25023545100,2372,0.1408094435075885,0.4671717171717171,396,0.07540485829959509,1976,0.007141727845085391
25009208101,4538,0.2591449977963861,0.24480712166172103,2696,0.28013029315960913,1842,0.0065043780881221145
25021422200,5593,0.22653316645807264,0.41445057701956844,1993,0.12250000000000005,3600,0.005597116364281429
25025070300,11414,0.29104608375678986,0.29056728232189977,6064,0.291588785046729,5350,0.00425178160625455
25017310100,6504,0.2237084870848709,0.4898081534772182,1668,0.13192721257237383,4836,0.005167296511986156
25017317203,6199,0.1795450879174061,0.5019334880123743,1293,0.09457806767223809,4906,0.004874760748711313
25017354900,6414,0.36404739632054883,0.2630826422647984,3497,0.4850874185807337,2917,0.006007957636845749
25025030400,8677,0.24052091736775383,0.17442874585731727,5733,0.36922554347826086,2944,0.004588276014636078
25017354600,10731,0.3063088248998229,0.2511387163561076,4830,0.3514658532452126,5901,0.004449823056505783
25017374600,4833,0.271053176081109,0.19687601692157497,3073,0.40056818181818177,1760,0.0063939137956825435
25017314301,3664,0.24017467248908297,0.36777178103315344,1297,0.17025771018166458,2367,0.007057367839732114
25017314302,2141,0.3652498832321345,0.5209817893903405,1263,0.1412300683371298,878,0.010406102609677738
25009214100,3745,0.28598130841121494,0.4412855377008653,1618,0.16784203102961914,2127,0.007384102283207601
25009216100,2637,0.28175957527493367,0.36192468619246865,1434,0.18620116375727347,1203,0.008760304448015916
25009250200,1815,0.31404958677685946,0.4182939362795478,973,0.19358669833729214,842,0.0108944963946316
25009250500,1904,0.31932773109243695,0.342989571263036,863,0.2997118155619597,1041,0.010684491904250396
25017324102,3596,0.22830923248053392,0.5454545454545454,1122,0.0844785772029103,2474,0.006999605241623704
25009208300,9772,0.16455178059762587,0.3107822410147991,2838,0.10470147101240268,6934,0.003750760491856479
25017331101,5662,0.237018721299894,0.42235410484668645,2022,0.13406593406593403,3640,0.005651494818767151
25017363104,4192,0.2662213740458015,0.523705324580598,1371,0.14108472172988307,2821,0.0068264254524435285
25009250100,5367,0.24427054220234767,0.5012391573729864,1614,0.13375965893951502,3753,0.005864796213140995
33017084400,1580,0.22278481012658224,0.3616352201257862,318,0.187797147385103,1262,0.01046851030059066
25017335302,6047,0.26244418720026463,0.3746788990825688,2725,0.1703792895845876,3322,0.005657778484941151
25009254200,6142,0.22761315532399873,0.43995446784291403,1757,0.1425313568985177,4385,0.005350091476733746
25009265101,3690,0.23035230352303526,0.47943037974683544,1264,0.10057708161582857,2426,0.006931529623587704
25009251100,2822,0.3167965981573352,0.36809815950920244,1467,0.2612546125461255,1355,0.008757633372884524
25009252101,4443,0.28246680171055594,0.4840940525587828,1446,0.18518518518518523,2997,0.006754085427515699
25009212100,7154,0.18325412356723514,0.4026186579378068,1833,0.1076865250892689,5321,0.00457399710379979
25017339802,10113,0.2773657668347671,0.32522796352583583,3290,0.25428697054081784,6823,0.004451902980593079
25017334100,3260,0.25889570552147234,0.236676217765043,1745,0.28448844884488445,1515,0.00767172961805347
25017336200,4303,0.2663258191959098,0.17550668391548085,2319,0.3724798387096774,1984,0.006738645043821349
25017351404,6302,0.2764201840685496,0.15552753257671292,4758,0.6489637305699482,1544,0.005633637497637347
25025160101,6625,0.2566037735849057,0.20165365181442352,4354,0.3619550858652576,2271,0.005365976349526881
25017341200,7303,0.26208407503765574,0.19630429565634744,4167,0.3494897959183674,3136,0.005146039406498151
33015067000,3210,0.1595015576323987,0.5087999999999999,625,0.07504835589941972,2585,0.006462467983982525
33015107200,3211,0.14388041108688887,0.5402298850574713,522,0.06693938267013755,2689,0.006193667675545993
25021409102,1963,0.2801833927661742,0.1989198919891989,1111,0.386150234741784,852,0.010136125433817977
25017333400,8104,0.2370434353405726,0.45978755690440065,2636,0.12966349670811994,5468,0.004724046427311852
25017374100,8870,0.23957158962795944,0.385932150638033,3213,0.1564433445289023,5657,0.004531949005593523
25017358700,1843,0.22626153011394468,0.1150971599402093,1338,0.5207920792079208,505,0.009746300273453273
25025090100,6825,0.2964102564102564,0.1601851851851852,4320,0.5313373253493014,2505,0.005527834546182847
25017322100,1922,0.29500520291363164,0.3271276595744681,1128,0.24937027707808568,794,0.010402341376946747
25017353300,7989,0.2571035173363375,0.11273792093704249,5464,0.5695049504950496,2525,0.004889584428972334
25025180500,4006,0.24987518721917124,0.07683658170914542,2668,0.5949177877428998,1338,0.006840263934366943
25023505200,2896,0.24102209944751385,0.36820083682008364,956,0.17835051546391756,1940,0.007947741240358611
25025040401,7846,0.2815447361712975,0.08330051201260336,5078,0.6452312138728324,2768,0.005077494009093443
25021400800,8010,0.2789013732833957,0.07798418245355898,5437,0.7034589972794403,2573,0.005010792313446382
25021456101,3684,0.28501628664495116,0.5531370038412292,1562,0.08765315739868051,2122,0.0074374336189352245
25023511301,2284,0.339754816112084,0.443921568627451,1275,0.20812685827552035,1009,0.009910313248673506
25021417701,9731,0.22659541670948513,0.47473309608540926,2810,0.1258488657708423,6921,0.0042437539421971045
25017353700,9707,0.3109096528278562,0.12318840579710144,4968,0.5077020468453259,4739,0.004697996309253484
25017361100,4777,0.29474565626962523,0.4832179009057006,1877,0.1727586206896552,2900,0.006596582084835337
25017386100,2671,0.31111943092474725,0.34895833333333337,1728,0.2417815482502651,943,0.008957742857683715
25021404301,2723,0.27800220345207494,0.2513144058885384,1902,0.3398294762484775,821,0.00858555222809111
25021400400,8492,0.29286387187941587,0.1313210505684046,5102,0.5359882005899705,3390,0.0049383221803608
25025010500,8227,0.3104412300960253,0.23417830660458705,5799,0.4925864909390445,2428,0.005100991411185616
25017350300,7061,0.25917008922248974,0.1258530710558009,4982,0.5786435786435786,2079,0.0052145710310028195
25017352700,7504,0.23440831556503194,0.06884587289992694,5476,0.6814595660749507,2028,0.004890335988657201
25025092200,5774,0.29286456529269134,0.12953523238380804,3335,0.5161951619516195,2439,0.005988889836200403
25017326101,2167,0.3202584217812644,0.24470588235294122,850,0.36902050113895213,1317,0.010022884867658875
25025101102,6173,0.31961768994006157,0.1601413011480718,3397,0.5147694524495677,2776,0.00593531499350788
33015063001,3437,0.15944137329066044,0.7619047619047619,609,0.02970297029702973,2828,0.006244458043929365
33015107400,2552,0.17946708463949845,0.531021897810219,548,0.08333333333333337,2004,0.0075962643993893525
25023521101,2874,0.267223382045929,0.4375478927203065,1305,0.12555768005098789,1569,0.008254288569952944
25009210800,4956,0.22598870056497178,0.31737413622902266,2026,0.16279863481228674,2930,0.005940887987251032
25025082000,6069,0.24649859943977592,0.10742675448557804,4403,0.6140456182472989,1666,0.005532108525196649
25017331300,2878,0.25677553856845037,0.280558789289872,1718,0.221551724137931,1160,0.00814313110613607
25009221100,1586,0.2515762925598991,0.22128851540616246,714,0.2763761467889908,872,0.01089574756475095
25023508101,4983,0.1741922536624524,0.46588868940754036,1114,0.09020418712845701,3869,0.0053728962145176765
25023524101,3851,0.21345105167488965,0.5314926660914582,1159,0.07652303120356607,2692,0.006602756288355699
25021406101,3643,0.3041449354927258,0.34345238095238095,1680,0.27050433010697916,1963,0.007622020371223751
25009211100,5328,0.21002252252252251,0.44054794520547946,1825,0.08992292320867823,3503,0.0055803081517314616
25017370400,7970,0.31217063989962357,0.1590753032730602,4369,0.49791724520966396,3601,0.0051904764093114765
25017383901,2918,0.2885538039753256,0.36998784933171325,1646,0.18317610062893086,1272,0.00838767875902489
25017358600,6632,0.26251507840772015,0.31331503088538093,2914,0.2227003765465304,3718,0.005402956122692256
25017374500,6266,0.24816469837216726,0.18340026773761708,3735,0.3437376531015409,2531,0.005456776459482405
25025140300,7711,0.33679159642069767,0.19473216928085235,3379,0.44759926131117267,4332,0.005382081649245587
25009201100,3906,0.2383512544802867,0.20016373311502256,2443,0.3021189336978811,1463,0.006817418693057261
25009206800,5535,0.24661246612466126,0.28464271614686143,2533,0.2145236508994004,3002,0.005793725504899242
25017342500,8548,0.32323350491343006,0.19959266802443987,4419,0.45555824654880117,4129,0.005058774886031638
25021417801,4268,0.25585754451733833,0.182659355723098,2918,0.41407407407407404,1350,0.0066790539260770535
25025070700,9399,0.2850303223747207,0.12524220539017084,5677,0.5287479849543256,3722,0.004656381112239394
33015071000,1778,0.23565804274465696,0.45070422535211263,568,0.13471074380165293,1210,0.01006512342600231
25017384002,2333,0.2863266180882983,0.39222316145393066,1183,0.17739130434782613,1150,0.00935886627722796
25023542200,1904,0.24159663865546221,0.5511450381679389,655,0.0792634107285829,1249,0.009809843893199922
25021420302,5611,0.2785599714845839,0.36129970902036856,2062,0.23048746125669206,3549,0.005984658009156466
25017351000,7470,0.28969210174029447,0.09500609013398298,4926,0.6666666666666667,2544,0.00524845343357345
25025020200,8020,0.30374064837905235,0.21468926553672318,6018,0.5714285714285714,2002,0.00513511051125083
25025070500,8938,0.26717386439919444,0.13644492131616592,5592,0.48565451285116557,3346,0.004680338733732239
25017310602,3009,0.27583914921900965,0.37873754152823924,1204,0.20720221606648204,1805,0.008147687803466244
25025140102,5004,0.33413269384492406,0.2790886899918633,2458,0.38727415553809896,2546,0.0066679860317487155
25025080100,10832,0.270864106351551,0.26000834028356967,4796,0.27948972829688534,6036,0.004269978049217379
25025091600,6148,0.30692908262849705,0.26478641840087624,3652,0.3685897435897436,2496,0.005882215469234419
25023511302,874,0.2940503432494279,0.3145161290322581,372,0.2788844621513944,502,0.01541139652621526
25023521102,2752,0.24709302325581395,0.3277835587929241,961,0.20379676158570625,1791,0.008221985140404026
25017310300,2547,0.28778955634079306,0.3751044277360067,1197,0.21037037037037032,1350,0.008970718137551814
25017311200,2624,0.32355182926829273,0.4616600790513834,1265,0.19499632082413543,1359,0.009132870040956339
25017351203,5885,0.21512319456244688,0.0681918169819622,4546,0.713965646004481,1339,0.005356376958791452
25017353800,7517,0.28375681787947316,0.16225782414307,5368,0.5872498836668218,2149,0.005199734008741094
25017367200,5571,0.3089211990665949,0.31585127201565555,2555,0.30305039787798405,3016,0.006190433494695193
25021406102,3650,0.3027397260273973,0.448235974551764,1729,0.17178552837064032,1921,0.0076047639054839635
25025092000,6214,0.301255230125523,0.17125,4000,0.53613369467028,2214,0.005820240871778969
25025170601,6973,0.2584253549404847,0.2602854743912678,3573,0.2564705882352941,3400,0.005242460469806154
25021419400,3754,0.26584976025572726,0.24777370350969097,1909,0.2845528455284553,1845,0.007210468349327164
25023545200,1874,0.15474919957310562,0.3971830985915493,355,0.098090849242923,1519,0.008354533556835388
25009205200,6126,0.24632713026444664,0.23474178403755863,2556,0.2546218487394958,3570,0.0055050221210932995
25017339700,8579,0.2975871313672922,0.2273442770407016,4447,0.3731848983543078,4132,0.004936111591809669
25017321200,2469,0.2575941676792224,0.25796812749003983,1004,0.25733788395904433,1465,0.008800921664078731
25017382100,5491,0.24039337097067925,0.38442940038684714,2068,0.15337423312883436,3423,0.005766733676396702
25025130300,5401,0.2756896870949824,0.1637393767705383,3530,0.48690539818279,1871,0.006080446981756741
25009221300,3145,0.2448330683624801,0.3375,720,0.21731958762886594,2425,0.007667366003421716
25021401000,6150,0.24504065040650402,0.15668934240362808,4410,0.46896551724137936,1740,0.005484578973174296
25017373200,7939,0.2806398790779695,0.17573320719016083,4228,0.40016168148746967,3711,0.005042721347433992
25025090600,6046,0.2911015547469401,0.24537937743190663,4112,0.3883143743536711,1934,0.00584225088447064
25009204600,4324,0.2666512488436633,0.3501144164759725,2185,0.1813931743805517,2139,0.006724875472709174
25017388300,3933,0.28349860157640483,0.41744730679156905,1708,0.18067415730337077,2225,0.007186575764087807
25017352200,7801,0.22612485578771957,0.1162109375,6144,0.6336753168376584,1657,0.004736248289885246
25017352300,10372,0.3042807558812186,0.22527472527472525,6552,0.4397905759162304,3820,0.004517758351304784
25023510900,4155,0.29795427196149216,0.4756235827664399,1764,0.16687578419071514,2391,0.007095320126469649
25017356300,6545,0.2837280366692131,0.16005733397037747,4186,0.503179313268334,2359,0.005572310100755652
25021420301,6676,0.25614140203714797,0.3800358102059087,2234,0.19383160738406124,4442,0.005342283373393863
25025060800,6844,0.2841905318527177,0.106953106953107,4329,0.5892644135188867,2515,0.005451908033578927
33015100301,6582,0.13795199027651173,0.6122641509433961,1060,0.04690329590727993,5522,0.0042506052378892415
25017353000,10938,0.3261108063631377,0.11129819834989052,5939,0.5813162632526505,4999,0.004482371846704231
25017356100,4770,0.2345911949685534,0.1320293398533008,3681,0.581267217630854,1089,0.006135407193336562
25023511500,2136,0.3202247191011236,0.40572556762092793,1013,0.24309884238646484,1123,0.010095073528218396
25025140400,7286,0.31539939610211365,0.18787532170431798,3497,0.43309580364212197,3789,0.005443829117941653
25021412200,2642,0.2975018925056775,0.2571428571428571,1680,0.36798336798336795,962,0.008894080154493568
25017373600,9413,0.27631998300223093,0.313168187744459,3835,0.2509860164933668,5578,0.004609092326285895
25021418004,6563,0.2672558281273808,0.3539550630963373,3249,0.1822570911285456,3314,0.005462463859972319
25021419800,9020,0.21075388026607533,0.4187234042553192,2350,0.13748125937031486,6670,0.004294283858827329
33015066000,2815,0.15275310834813494,0.4873646209386282,554,0.07076514816452895,2261,0.006780485954755391
25009260200,3363,0.2726732084448409,0.45202398800599697,1334,0.15475603745687527,2029,0.007679316959378874
25009260600,1971,0.29375951293759517,0.5367170626349892,926,0.07846889952153113,1045,0.010259565372460571
25009204300,5468,0.24359912216532553,0.5,1868,0.11055555555555552,3600,0.005804965174230785
25009211200,8896,0.16827787769784175,0.5264259549973835,1911,0.07029348604151753,6985,0.003966479850862885
25009266200,1943,0.25733401955738544,0.4447300771208226,778,0.1321888412017167,1165,0.009917654318568322
25009204200,4931,0.242344352058406,0.3385720700493938,2227,0.16309171597633132,2704,0.00610217815176371
25009204702,4434,0.27537212449255755,0.3262823902696985,1891,0.23751474636256387,2543,0.006708410987400161
25009222100,2777,0.2225423118473172,0.3450413223140496,968,0.15699281370923157,1809,0.007893266008700597
25009252502,4022,0.27424167081054207,0.4550392275196138,1657,0.147568710359408,2365,0.007034637200129099
25009253202,6444,0.19428926132836744,0.5829846582984659,1434,0.08303393213572852,5010,0.004928743402128914
25025160400,10889,0.29240517953898426,0.4365118577075099,4048,0.20713346002046484,6841,0.0043590400008348806
25025020302,6780,0.3724188790560472,0.35639948877122507,5477,0.43975441289332307,1303,0.005871322455076658
25017316300,4762,0.25661486770264597,0.34386143657666834,1963,0.19542693819221146,2799,0.006329263073823424
25017333200,5359,0.2703862660944206,0.2586027111574557,2877,0.2840451248992748,2482,0.006067320488212849
33017084500,1368,0.2755847953216374,0.3268698060941828,361,0.2571996027805362,1007,0.012080317709273817
25025081300,7780,0.3365038560411311,0.14982658959537576,4325,0.5701881331403762,3455,0.005357034283296495
25025120600,5329,0.22199286920623007,0.1138020221020456,4253,0.6496282527881041,1076,0.00569296404343909
25025071101,10029,0.2634360354970585,0.2835264900662252,4832,0.24475659034058106,5197,0.004398595333879051
25017338400,3292,0.19896719319562572,0.15299425758818708,2438,0.3302107728337237,854,0.00695802484393971
25017339500,8212,0.25012177301509986,0.19455169455169452,4662,0.32309859154929577,3550,0.004779105863976476
25009253100,4647,0.2605982354207015,0.5318761384335156,1647,0.11166666666666669,3000,0.006439314553652244
25017341300,11431,0.25597060624617274,0.38541402886806786,3949,0.18765036086607856,7482,0.004081764862186367
25009223100,2558,0.25488663017982804,0.4169960474308301,1012,0.14877102199223802,1546,0.008616570303213836
25025000301,4717,0.27263090947636215,0.2093798052280882,3902,0.5754601226993865,815,0.006483836112554146
25025000302,4382,0.20880876312186214,0.10882778581765562,3455,0.581445523193096,927,0.006140148970918441
25023509102,3635,0.19972489683631367,0.39021164021164023,756,0.14970475859673493,2879,0.006631069017822842
25023542101,1243,0.2534191472244569,0.368421052631579,513,0.17260273972602735,730,0.012337369504021097
25017332100,4186,0.2783086478738652,0.3186299948105864,1927,0.2439132359451085,2259,0.006926909112301982
25017336402,5815,0.2741186586414446,0.21423927178153446,3076,0.3413654618473896,2739,0.005849614631515615
25017334200,4667,0.26783801157060205,0.2270114942528736,2436,0.3124159569699686,2231,0.00648217564217705
25023510502,6806,0.20452541874816343,0.42642454602379465,1597,0.1364945287003264,5209,0.004889234033860168
25009205700,3728,0.27172746781115875,0.24773413897280971,2317,0.3111268603827073,1411,0.007285775485339369
33015102100,1582,0.3445006321112516,0.5261401557285873,899,0.1054172767203514,683,0.011947523972287908
25025120400,8452,0.2716516800757217,0.1301612268973653,5086,0.48544266191325014,3366,0.0048383358892747745
25017359300,4870,0.266735112936345,0.29732868757259,2583,0.2321818976825536,2287,0.006337326152606745
25017382500,6096,0.24737532808398954,0.40861344537815125,1904,0.17414122137404575,4192,0.005526433365026557
25017350104,8729,0.3048459159124757,0.18672966310599837,4868,0.45376845376845376,3861,0.004927180622402469
25023510503,3282,0.29890310786106034,0.46461107217939734,1427,0.17142857142857137,1855,0.007990702244227271
25025110607,5118,0.3223915592028136,0.19394150417827294,2872,0.4866429207479964,2246,0.0065332773346204525
25017354000,7856,0.277622199592668,0.12585527679867303,4823,0.5189581272667326,3033,0.005052525959360306
25017357300,4038,0.21347201584943043,0.06926829268292678,3075,0.6739356178608515,963,0.006448287728972274
25017310500,3023,0.2666225603704929,0.4124293785310734,1416,0.1381456129433728,1607,0.008042538465305582
25021415102,6145,0.2559804719283971,0.3717826501429933,2098,0.19594761551766737,4047,0.005567172027228058
33015059000,3716,0.10333692142088269,0.6325678496868476,479,0.025023169601482875,3237,0.0049934942091298985
33015069300,1819,0.2429906542056075,0.5604203152364273,571,0.09775641025641024,1248,0.010056087792482996
25017351500,10772,0.3192536204975863,0.23922282938676376,4941,0.38706911335962957,5831,0.0044917172845361335
25025030200,6099,0.2505328742416789,0.16368179925031234,4802,0.5720894371626831,1297,0.005548547876038463
33015067502,1347,0.26280623608017817,0.43761638733705777,537,0.1469135802469136,810,0.011992917928661641
33017080100,530,0.3188679245283019,0.39678284182305634,373,0.13375796178343946,157,0.020243385653297762
25021417502,6985,0.27201145311381536,0.2093687517852042,3501,0.3349598163030999,3484,0.0053244243808743
25025060101,3283,0.2939384709107523,0.21118820468343447,2306,0.48925281473899696,977,0.00795085893802622
25017363103,2238,0.26362823949955316,0.2698961937716263,1445,0.25220680958385877,793,0.009313533611252789
33015003601,1595,0.26269592476489023,0.34056122448979587,784,0.18742293464858195,811,0.011019696696518741
25025130402,7577,0.26474858123267786,0.2623287671232877,2920,0.26626583637534895,4657,0.005068577748933706
25025160502,6578,0.28093645484949836,0.25744308231173385,3426,0.3064720812182741,3152,0.005541671143385464
25017366202,4544,0.29929577464788737,0.3473830477072719,2159,0.2557651991614256,2385,0.006793576960910465
25021422302,5432,0.22220176730486008,0.3214467651553744,1963,0.1660420870567887,3469,0.005640626582734399
25025000100,12551,0.2719305234642658,0.2804352289057689,4871,0.2665364583333333,7680,0.003971698077208534
25017341902,5928,0.2408906882591093,0.1927873272665993,2967,0.2890915231340764,2961,0.005554028042009158
25025081700,6588,0.31390406800242865,0.20644990748083536,3783,0.45882352941176474,2805,0.005717604341601213
25017374800,5772,0.2877685377685377,0.38298623367455,2833,0.1959850289214018,2939,0.0059589408013965665
25025130200,6477,0.27481858885286403,0.17259323503902857,3459,0.39198144466534124,3018,0.005547016218293645
25025010405,8962,0.26701629100647173,0.1919675755342668,5428,0.3822863610639502,3534,0.0046731914223612885
25025080300,6422,0.2879165369043911,0.16670192511106408,4727,0.6259587020648967,1695,0.00565019718489366
25017338200,5502,0.2800799709196655,0.2911638769949396,2569,0.2703716331401296,2933,0.0060537274104199715
25017315401,4607,0.23746472758845238,0.3239030023094688,1732,0.18539130434782614,2875,0.006269319707782699
25023525203,2621,0.22586798931705454,0.33432245301681507,1011,0.1577639751552795,1610,0.008167729484318532
25023542300,3639,0.15938444627644954,0.5201288244766505,621,0.08515573227302853,3018,0.006067791536975461
33015062000,845,0.4224852071005917,0.5446880269814502,593,0.13492063492063489,252,0.016992565617075184
25017316202,4361,0.2533822517771154,0.3150984682713348,2285,0.1854527938342967,2076,0.0065863409252168185
25009202102,4802,0.2600999583506872,0.3068702290076336,1965,0.22770532252379272,2837,0.006330610435937353
25009253201,4875,0.27425641025641023,0.5952109464082098,1754,0.09388016661326493,3121,0.006389732656655023
33015069700,1631,0.2188841201716738,0.5974842767295597,477,0.06239168110918547,1154,0.010238536444005736
25017383200,3572,0.2877939529675252,0.24424898511502025,1478,0.31852913085004775,2094,0.007575092414273553
25017350900,9123,0.25506960429683223,0.09162011173184359,5370,0.4889421795896616,3753,0.0045637134149509795
25021419500,3100,0.26645161290322583,0.23576423576423577,2002,0.3224043715846995,1098,0.00794040607729969
25021422301,3870,0.28837209302325584,0.39232409381663114,1876,0.19057171514543636,1994,0.007281948744425841
25023511000,3019,0.304074196753892,0.47730307076101464,1498,0.13346482577251806,1521,0.008372201981715784
25009217500,4061,0.28564393006648614,0.42097264437689974,1974,0.15764254911356013,2087,0.007088484185489422
25021417902,3433,0.25487911447713374,0.16186612576064907,2465,0.49173553719008267,968,0.007437784505971088
25023509101,2879,0.19416464050017368,0.4724409448818898,635,0.11541889483065959,2244,0.007372035180477127
25021422400,6375,0.21035294117647063,0.35363292734145313,2381,0.1249374061091637,3994,0.005104470648207547
25025120301,8034,0.2784416231018173,0.14342157250098775,5062,0.5084118438761777,2972,0.005000770237241082
25017368902,5864,0.3120736698499318,0.281944856211088,3373,0.3528703331995182,2491,0.0060506572094686665
25017311100,3439,0.30532131433556264,0.38007159904534604,1676,0.23425978445830975,1763,0.007853341096020662
25017317101,4839,0.2200867947923124,0.35856573705179284,1506,0.15751575157515751,3333,0.005955830351750302
33017084200,1223,0.2780049059689289,0.15186246418338112,349,0.32837528604118993,874,0.012810914265028728
25009221500,3531,0.21835174171622773,0.40359897172236503,778,0.16600072648020336,2753,0.006952406448490482
33015100302,3545,0.21692524682651626,0.49842602308499473,953,0.11342592592592593,2592,0.006922270107841482
25021400200,8486,0.2731557860004714,0.10396509201290083,5271,0.5505443234836702,3215,0.004836980729765672
25025000202,5305,0.29217719132893494,0.13853979652902448,3342,0.553744268976057,1963,0.0062437102027830685
25025091500,4700,0.27297872340425533,0.17626691847655018,3177,0.47472094550229804,1523,0.006498139504157904
25017374000,5311,0.2929768405196761,0.2965580823601721,3254,0.28731161886242096,2057,0.0062451850997924194
25017352800,6641,0.22376148170456256,0.14031021572472813,5609,0.6773255813953488,1032,0.005114150674295868
25021442202,3525,0.2360283687943262,0.3421292083712466,1099,0.1879637262984336,2426,0.0071522248270669084
25021443101,3320,0.19367469879518073,0.45108695652173914,920,0.09499999999999997,2400,0.006858395827439269
25021402200,2382,0.30016792611251053,0.14969656102494944,1483,0.5483870967741935,899,0.009390920956371989
25023511701,2107,0.26578073089700993,0.3121076233183856,1115,0.21370967741935487,992,0.0096237064412436
25017360200,4168,0.32437619961612285,0.32023721275018535,2698,0.3319727891156462,1470,0.007251253792220682
25017342202,4345,0.28101265822784816,0.19414893617021278,2632,0.41447752481027433,1713,0.006819125344119918
33015054000,947,0.3125659978880676,0.47446808510638294,470,0.1530398322851153,477,0.01506299671248037
33017084600,1665,0.19339339339339334,0.34191176470588236,272,0.16439339554917443,1393,0.009679314148921009
25021422700,4450,0.26067415730337073,0.24079065588499549,2226,0.28057553956834536,2224,0.006580924784191001
25025000602,7199,0.31629392971246006,0.2728512960436562,4398,0.3845055337379507,2801,0.005480801326786748
25017366201,1575,0.286984126984127,0.22204599524187152,1261,0.5477707006369427,314,0.011398252103353821
25021405100,3338,0.24865188735769927,0.19790794979079496,2390,0.37658227848101267,948,0.007481235288862378
25017385202,4165,0.243937575030012,0.3153583617747441,1465,0.20518518518518514,2700,0.006654427161279574
25009254401,2750,0.2654545454545455,0.36793128131710806,1397,0.15964523281596454,1353,0.008420503758458034
25025110601,1927,0.35236118318629994,0.3259109311740891,1482,0.44044943820224725,445,0.010882272777516728
25017353102,9860,0.22302231237322512,0.1283567774936062,6256,0.38734739178690347,3604,0.004192180499266522
33015104101,2755,0.20471869328493653,0.6189151599443672,719,0.058447937131630656,2036,0.0076873797608738425
25017310601,2525,0.3275247524752475,0.4552447552447553,1430,0.1607305936073059,1095,0.009339626828919633
25023511200,4579,0.23018126228434155,0.4409448818897638,1397,0.13764927718416087,3182,0.006220766509333445
25017320103,1624,0.27278325123152714,0.24976873265494914,1081,0.3186003683241252,543,0.011052175550917719
25009203200,3336,0.2871702637889688,0.27292576419213976,1832,0.3045212765957447,1504,0.007833387609849645
25025100601,3804,0.2802313354363828,0.20159680638722555,2505,0.43187066974595845,1299,0.007281729835661269
25009207200,7230,0.23305670816044255,0.3548264021365891,2621,0.16380993707962677,4609,0.004972139237290274
25017333100,5227,0.2573177731012053,0.23469387755102045,2352,0.2758260869565218,2875,0.006046584933073228
25017350700,6541,0.33786882739642254,0.2253158633598502,4274,0.5500661667401853,2267,0.0058482240847761505
25021456301,2959,0.2919905373436972,0.3123612139156181,1351,0.27487562189054726,1608,0.008358559477637792
25021400600,5307,0.2509892594686264,0.13742690058479534,3762,0.5275080906148868,1545,0.0059517824363771385
25021403500,9111,0.2447590824278345,0.464403427818062,3034,0.13509955570182652,6077,0.004504319004404394
25017341102,5691,0.2496924969249692,0.19980506822612087,4104,0.37870195337114054,1587,0.005737571333924178
25009260700,1754,0.30159635119726336,0.4213135068153655,807,0.1995776135163675,947,0.010958509711020128
33015101100,5992,0.11748998664886512,0.6220735785953178,897,0.028655544651619236,5095,0.00415981815272865
25025070800,8290,0.22171290711700842,0.10474018569799637,6139,0.5555555555555556,2151,0.004562345146632419
25025120201,7645,0.31706998037933287,0.28265742816384753,4907,0.3787436084733382,2738,0.005322025115544665
25025000704,7918,0.28517302349078055,0.1540484689085102,5323,0.5541425818882466,2595,0.005073958820899047
25023502200,4725,0.2135449735449736,0.4409448818897638,1524,0.10527960012496096,3201,0.005961845490679942
25025040600,10909,0.29626913557612977,0.2588823424388502,5601,0.3357196684250189,5308,0.004371737064921576
25023544200,1481,0.2322754895340986,0.4990403071017274,521,0.08750000000000002,960,0.010973037562110863
25017383400,4099,0.27640888021468646,0.34183944710260494,1881,0.22091974752028853,2218,0.006985277291700677
25025110502,6965,0.2928930366116296,0.15085158150851585,4110,0.4973730297723292,2855,0.005453012836047632
33015105100,2710,0.20774907749077487,0.629737609329446,686,0.06472332015810278,2024,0.00779320828098981
25017382200,4696,0.258304940374787,0.3189823874755382,2044,0.21153846153846156,2652,0.006387266035560242
25017334300,3525,0.27971631205673764,0.36192109777015435,1749,0.19876126126126126,1776,0.0075601624213502095
25017385100,2965,0.27487352445193924,0.25684210526315787,1425,0.2915584415584416,1540,0.008199001913660296
25021443102,2084,0.25431861804222644,0.35994397759103647,714,0.19927007299270072,1370,0.009539307973933646
25009204701,6572,0.21348143639683503,0.3740496705524582,1973,0.14459665144596656,4599,0.005054588086972885
25025140105,4367,0.30524387451339596,0.1421359223300971,2575,0.5396205357142857,1792,0.006968640731811352
25017356500,5305,0.28821866163996235,0.16837658418829204,3314,0.48769462581617273,1991,0.006218586119953496
25025980700,1239,0.27118644067796616,0.25057471264367814,870,0.3197831978319783,369,0.01263009317016273
25009206900,5337,0.27712197863968524,0.3272058823529411,2992,0.21321961620469088,2345,0.006126598136056038
25021414200,1056,0.40625,0.3802992518703242,802,0.4881889763779528,254,0.015113551812534059
25009260402,2703,0.2315945246022938,0.3550583657587548,1028,0.1558208955223881,1675,0.00811402509072825
25017383501,4209,0.2810643858398669,0.33369923161361137,1822,0.24088814411395054,2387,0.006928806699840538
25023520202,3419,0.25943258262649893,0.36753856472166335,1491,0.17582987551867224,1928,0.00749626635540675
25025070402,8589,0.28559785772499713,0.12901990811638586,5224,0.5286775631500743,3365,0.0048739104497609416
33015069100,3189,0.13515208529319533,0.6166281755196306,433,0.05950653120464444,2756,0.006054161293397899
25009251300,3428,0.3028004667444574,0.42562781712813913,1553,0.20106666666666662,1875,0.007847591847656734
33015100200,4281,0.17869656622284513,0.46492805755395683,1112,0.07825812559166934,3169,0.005855140340357467
25023530300,3363,0.17870948557835264,0.5102040816326531,588,0.10846846846846847,2775,0.006606307309385044
25017384001,2714,0.2896094325718497,0.34499054820415875,1058,0.25422705314009664,1656,0.00870662867477112
25009204500,4770,0.24402515723270435,0.43038617886178865,1968,0.11313347608850821,2802,0.006218874359210968
25025000402,6296,0.25682973316391355,0.16119797401453428,4541,0.5042735042735043,1755,0.00550597776867529
25025981201,3232,0.24504950495049505,0.1776127926898915,1751,0.32478055367994596,1481,0.007565723682322551
25017301102,1256,0.34474522292993626,0.23700623700623702,481,0.41161290322580646,775,0.013410945780119195
25017365201,4000,0.29300000000000004,0.25910290237467015,1895,0.3235154394299288,2105,0.0071963706130243185
25017339600,6524,0.26226241569589204,0.1369462559028558,4447,0.5305729417428984,2077,0.005445804005890905
25017336300,5184,0.2241512345679012,0.1249629848978383,3377,0.40951853901494184,1807,0.005791974056084463
25023506102,3481,0.228382648664177,0.30059523809523814,1008,0.1989486453699959,2473,0.007115092222324187
25017311800,2643,0.34014377601210743,0.43933685003767897,1327,0.2401215805471124,1316,0.009215254663952762
33015106101,3171,0.2453484705140334,0.39440694310511093,1037,0.17291471415182758,2134,0.0076412918043019355
25021417901,5972,0.2766242464835901,0.27314285714285713,2625,0.2793546459515984,3347,0.0057885154436772964
25025020101,8781,0.27092586265801166,0.14239181014425317,6447,0.6259640102827764,2334,0.004742846729884915
25009252300,5870,0.18790459965928452,0.5137034434293746,1423,0.08365190015740953,4447,0.005098626282006963
25021419200,3665,0.28813096862210097,0.26730769230769236,2080,0.3154574132492114,1585,0.007480972015966976
25021422600,3235,0.26831530139103554,0.23804573804573803,1924,0.3127383676582761,1311,0.007790181281517769
25017374400,4003,0.27704221833624787,0.20073260073260069,2730,0.4406912804399057,1273,0.007073537354172169
25017383600,8075,0.1577708978328174,0.44227005870841485,1533,0.09110363803118315,6542,0.004056554404709837
25017315200,4616,0.20883882149046795,0.474293059125964,1556,0.07385620915032676,3060,0.005982809866003715
25017353400,7646,0.23097044206120843,0.08393242271746948,5564,0.6239193083573487,2082,0.004819839451189401
33015003902,980,0.3581632653061224,0.39360222531293465,719,0.26053639846743293,261,0.015315802853001829
25017339100,8752,0.26142595978062155,0.19219934994582877,4615,0.3386511965192168,4137,0.004696969287802767
25021420100,4796,0.3094245204336947,0.4307545367717287,2094,0.21539600296076977,2702,0.006674878316466265
25017321400,5062,0.13374160410904778,0.57909604519774,708,0.06132292145153884,4354,0.004784052335024004
25009260900,4266,0.18448195030473513,0.5073446327683615,885,0.09997042295178937,3381,0.005938589470041979
33015107500,3368,0.12143705463182897,0.48115299334811534,451,0.06582104902296881,2917,0.005628284113722302
25025091001,8557,0.3386700946593433,0.30552995391705073,4340,0.37277685558453877,4217,0.0051160730807915415
33015003703,2194,0.18459434822242482,0.4444444444444444,585,0.09011808576755753,1609,0.008282810913037416
25017351403,6428,0.29215930304915994,0.17931667048842004,4361,0.5302370585389453,2067,0.005672045292931806
25017382300,3600,0.2761111111111111,0.23673997412677883,2319,0.34738485558157695,1281,0.00745120731142311
25009252400,2991,0.3313273152791708,0.4475431606905711,1506,0.21346801346801347,1485,0.00860651253317162
25009251500,4345,0.23337169159953974,0.46065375302663436,1652,0.09394727070181952,2693,0.00641684608905434
25025061000,3551,0.2092368346944523,0.08876163206871868,2794,0.6538969616908851,757,0.006826010471192513
25025060400,5174,0.23192887514495553,0.08406491088055335,3759,0.6247349823321555,1415,0.005867659689495136
25025101002,6329,0.3136356454416179,0.15889256695756848,3323,0.48469727212242186,3006,0.005832067211156705
25025090200,6724,0.3264425936942297,0.20703331570597572,3782,0.47994561522773627,2942,0.005718430740709375
25023504101,5700,0.20771929824561408,0.30069930069930073,1573,0.1722801066149745,4127,0.005373293141995716
25017388100,2401,0.2703040399833403,0.4174836601307189,1224,0.11724723874256582,1177,0.00906360894238062
25017358100,4743,0.25216107948555766,0.1594202898550725,2898,0.39783197831978323,1845,0.006305455965026581
25009206300,2537,0.2774931020890816,0.3434718100890207,1348,0.2026913372582002,1189,0.008889695007612143
25025000601,8215,0.23651856360316492,0.13155539645605874,5587,0.4596651445966514,2628,0.004688436879624729
25025100700,7438,0.27897284216187146,0.30281894798023834,3441,0.258443832874656,3997,0.005200303467808414
25025071201,8254,0.28967773200872304,0.1315073815073815,5148,0.5518351577591758,3106,0.004992901959443833
25009206100,3661,0.2933624692706911,0.3013895543842836,2087,0.28271918678526053,1574,0.00752490049979716
25009220101,2015,0.2660049627791563,0.3260504201680672,595,0.24084507042253522,1420,0.009843598833407427
25017351300,8628,0.2527816411682893,0.17244308528712193,5886,0.42523705324580596,2742,0.00467887522017632
33017081100,1479,0.26166328600405675,0.421161825726141,482,0.1845536609829489,997,0.011429166003633771
33017081300,2145,0.2041958041958042,0.39075630252100846,476,0.1509886159376872,1669,0.00870387952364155
25017355000,5945,0.28511354079058027,0.12239841427155596,4036,0.6291251964379256,1909,0.005855332041263444
25017383700,4257,0.2687338501291989,0.22369765066394276,1958,0.30709003914745536,2299,0.006794337206084737
25017317102,4187,0.24767136374492482,0.43308550185873607,1614,0.13136416634279047,2573,0.006670988834427409
33015067501,1784,0.25560538116591924,0.4776119402985075,670,0.12208258527827653,1114,0.010327356849023686
25017373800,7479,0.29001203369434414,0.15845928815212096,4102,0.44980752146875924,3377,0.005247008125098551
25025060301,5888,0.27989130434782605,0.1646258503401361,4410,0.6238159675236806,1478,0.005850726945530039
25017368600,5168,0.28037925696594423,0.2638095238095238,3150,0.3062438057482656,2018,0.006248323757092462
25009202200,3660,0.2765027322404372,0.285132382892057,1964,0.2665094339622641,1696,0.007393117669892528
33015104102,2424,0.2660891089108911,0.4750479846449136,1042,0.1085383502170767,1382,0.008975711979580638
25017353500,4443,0.17330632455548056,0.046057978867515614,3691,0.7978723404255319,752,0.00567860103028588
25021402101,6685,0.28676140613313383,0.250709219858156,2820,0.31306597671410086,3865,0.005531298071192982
25021414300,3228,0.25154894671623296,0.16391576550939102,1757,0.35622025832766824,1471,0.007637059787247051
25021416200,3452,0.28099652375434536,0.2380594208349004,2659,0.424968474148802,793,0.0076503371541726305
25017338300,4385,0.26134549600912205,0.2135472370766488,2805,0.3462025316455696,1580,0.006635037568879984
25017311700,3394,0.3140836770771951,0.4540647719762062,1513,0.2014885699096225,1881,0.007967137883522348
25017311900,3115,0.2869983948635634,0.3552097428958051,1478,0.2254123396456933,1637,0.008105054923687294
25021404400,5898,0.27568667344862663,0.20429715950473415,2746,0.33788071065989844,3152,0.005818603184606655
25025120700,5099,0.28181996469896053,0.24892948900942047,3503,0.35401002506265666,1596,0.006300282685191485
25009252601,3632,0.24146475770925113,0.43065693430656937,1370,0.12687886825817862,2262,0.007101365051768266
25017374200,5858,0.27808125640150216,0.20864714086471403,3585,0.38759348878134625,2273,0.005854035256805763
25017333300,5979,0.27780565311925076,0.29824561403508776,2793,0.25988700564971756,3186,0.005792730248807288
25021441202,2811,0.21380291711134825,0.6269430051813472,772,0.05738106915154484,2039,0.007732894843660978
25009220102,1522,0.26544021024967146,0.2563380281690141,710,0.2733990147783252,812,0.011318519038035716
25017316400,3918,0.25446656457376216,0.4900249376558603,1604,0.09118409680207429,2314,0.006958517281612266
25017333502,4828,0.2649130074565037,0.18692206076618234,3028,0.3961111111111111,1800,0.006350930786847849
33015065001,3306,0.15335753176043554,0.5760286225402504,559,0.06734619585001822,2747,0.006266876771444949
25023510600,3395,0.27864506627393226,0.3843843843843844,1332,0.21037324285021808,2063,0.0076944980307714584
25017373300,6745,0.30081541882876206,0.18195679796696318,3935,0.4672597864768683,2810,0.005584123191662655
25021457100,6085,0.2123253903040263,0.4979228486646884,1685,0.10295454545454541,4400,0.005242568303964854
25009269100,3111,0.2324011571841852,0.4921369102682701,1081,0.09408866995073895,2030,0.007572447886628508
25023522101,2237,0.3227536879749665,0.500815660685155,1226,0.10682492581602376,1011,0.009884983279956856
25017370300,11266,0.2732114326291497,0.2824833702882483,4510,0.26702190645352275,6756,0.004198252974869124
25021410400,2749,0.34012368133866866,0.49964157706093193,1395,0.17577548005908417,1354,0.009035711106623798
25021441204,1872,0.27243589743589747,0.3031727379553466,851,0.2468168462291871,1021,0.010289988164384879
25025180200,5815,0.2741186586414446,0.1267733172351343,3313,0.469224620303757,2502,0.005849614631515615
25009270100,4080,0.22352941176470587,0.5046801872074883,1282,0.09471050750536092,2798,0.006522284835147249
25017337201,3590,0.26657381615598885,0.2264150943396226,2120,0.32448979591836735,1470,0.007379717304336807
25025000401,5315,0.24440263405456253,0.15620998719590273,3905,0.48865248226950353,1410,0.0058944939232988425
25025050200,6458,0.25069681015794365,0.13185220961120503,4141,0.4630988347000432,2317,0.0053932949829759505
25025170502,3769,0.2953037941098434,0.3627152988855117,1974,0.22116991643454043,1795,0.0074305748166016055
25021419600,3282,0.30073126142595974,0.33896713615023477,2130,0.2300347222222222,1152,0.00800464463409797
25017370201,2375,0.1907368421052632,0.0602739726027397,1825,0.6236363636363637,550,0.008061769406642952
25025120103,5904,0.27693089430894313,0.14106181072069757,3899,0.541147132169576,2005,0.005823746100752955
25017358300,5546,0.24918860439956725,0.16655450874831768,2972,0.3445998445998446,2574,0.005808173541144751
25023530100,4387,0.1148848871666287,0.47940074906367036,534,0.0643654295354269,3853,0.004814459213828522
25017373400,6291,0.28644094738515335,0.23439840239640541,4006,0.37768052516411377,2285,0.005699971290663967
25021407100,3224,0.2686104218362283,0.2523809523809524,1260,0.2790224032586558,1964,0.0078061752436524795
25021411100,4743,0.23719165085388993,0.39331306990881454,1645,0.15429309231762423,3098,0.006176335166657576
25009204400,3792,0.2885021097046413,0.43132014965259224,1871,0.14940135346173866,1921,0.007357446972253935
25017321500,2329,0.2898239587805925,0.35329949238578684,985,0.2433035714285714,1344,0.009400812835354516
25017321600,2184,0.26190476190476186,0.21393523061825315,1019,0.303862660944206,1165,0.009408092572840927
25021423100,3869,0.2527784957353322,0.34060520760028146,1421,0.20179738562091498,2448,0.006987074575350409
25017336100,6972,0.27151462994836484,0.22475221001875167,3733,0.32540907687557885,3239,0.005326333378811761
25021417802,1888,0.21875,0.09553158705701081,1298,0.4898305084745763,590,0.00951410743061435
25023503102,4614,0.19419159081057646,0.435609334485739,1157,0.11339311541799246,3457,0.005823610391016323
33015003901,2306,0.2194275802254987,0.5031152647975078,642,0.10997596153846156,1664,0.008618318829935164
25021442102,4027,0.18673950831884778,0.4515484515484516,1001,0.09914077990746861,3026,0.006141042854303052
25017312300,3893,0.2532751091703057,0.4802076573653472,1541,0.10459183673469385,2352,0.006970025512858886
25017318300,1993,0.33868539889613647,0.3984700973574409,1438,0.1837837837837838,555,0.010601044156855744
25017350500,5827,0.30701904925347523,0.1806876371616679,4101,0.6071842410196987,1726,0.006042557620725554
25017364101,3099,0.2891255243626977,0.4183417085427136,1592,0.152621101526211,1507,0.008143833557731586
25009221901,2207,0.24739465337562305,0.2185730464326161,883,0.2666163141993958,1324,0.009184967793855529
25009254100,4803,0.24880283156360605,0.45610687022900764,1572,0.14794181367997528,3231,0.006238042612381111
33015065007,1478,0.2449255751014885,0.5883495145631068,515,0.061266874350986544,963,0.011185997848977529
25025110401,4595,0.2818280739934712,0.08640000000000003,3125,0.6972789115646258,1470,0.006636874120053888
25025170400,7526,0.2511294180175392,0.31255785251465595,3241,0.2046674445740957,4285,0.004998849634124928
25017322400,2621,0.2582983594048073,0.37142857142857144,1085,0.17838541666666663,1536,0.008549523949378954
25021421100,3656,0.3107221006564551,0.4,2050,0.19676214196762143,1606,0.007653853679963638
25017356601,4840,0.25103305785123964,0.2294001318391562,3034,0.2873754152823921,1806,0.006232669554553608
25021417601,5296,0.29286253776435045,0.23133611022108302,3121,0.3811494252873563,2175,0.0062533083651415775
25009260401,3131,0.22037687639731718,0.6308724832214765,894,0.05632543585158689,2237,0.0074077076389801695
25025050700,4824,0.27757048092868986,0.13496732026143787,3060,0.5249433106575964,1764,0.0064473423414753706
25017353600,8398,0.2360085734698738,0.1188118811881188,5757,0.49148049981067776,2641,0.004633617679835091
25025000803,8463,0.217771475835992,0.1843893480257116,5445,0.277998674618953,3018,0.004486473956039289
25025091400,4881,0.22106125793894693,0.08697944122298362,3794,0.6890524379024838,1087,0.005939550334845849
25009251600,4921,0.2546230440967283,0.49872286079182626,1566,0.1406855439642325,3355,0.006210265271243111
25021442101,1920,0.2796875,0.2256033578174187,953,0.3329886246122027,967,0.01024345325337293
25009204101,4545,0.22618261826182617,0.32640232108317213,2068,0.1425111021396851,2477,0.006205573304278561
25017383502,3572,0.28107502799552075,0.38014981273408244,1602,0.20050761421319796,1970,0.007521374108913665
25025050300,7695,0.2883690708252111,0.12471561530506725,4835,0.5650349650349651,2860,0.005164133187777657
25025030500,6196,0.26178179470626206,0.16388467374810323,4613,0.5470625394819962,1583,0.005584784137135243
33015057000,1334,0.23988005997001505,0.47235023041474655,434,0.12777777777777777,900,0.01169123048117758
25023508200,2326,0.2742906276870163,0.3935361216730038,1052,0.17582417582417587,1274,0.009250857580335945
25025180301,3750,0.22799999999999998,0.1348274635361082,2811,0.5069222577209798,939,0.006851102101122125
25025091900,5467,0.26248399487836105,0.14196450887278178,4001,0.5914051841746248,1466,0.005950625259175207
25025091200,5215,0.28974113135186963,0.21803877493678003,3559,0.4438405797101449,1656,0.00628183105248518
25025091300,6358,0.2766593268323372,0.15352787456445993,4592,0.5968289920724802,1766,0.005610270988507425
25025100100,6841,0.30185645373483405,0.16724565756823817,4030,0.4948416933475631,2811,0.0055502532706830044
25009253204,3958,0.2716018191005558,0.44839067702552715,1802,0.12384044526901672,2156,0.007069893448337826
25017368102,4100,0.2839024390243903,0.32392156862745103,2550,0.21806451612903222,1550,0.007041719651051027
25021416102,3109,0.2988099067224188,0.36473050758765047,1911,0.19365609348914858,1198,0.008209279092900871
33017081600,1581,0.2226438962681847,0.29824561403508776,399,0.1971235194585449,1182,0.01046283721112279
25017341901,3998,0.2913956978489245,0.22073017205203527,2383,0.39566563467492255,1615,0.007186576704062748
25021441203,2305,0.2559652928416486,0.35390549662487947,1037,0.17586750788643535,1268,0.009089744446391795
25017368101,5489,0.2601566769903443,0.2494614390348987,2321,0.2679924242424242,3168,0.005921622968749364
25009221902,1686,0.27283511269276395,0.39028475711892796,597,0.2084481175390266,1089,0.010847703234575309
25025180400,3171,0.25512456638284453,0.17357980162308384,2218,0.4449108079748164,953,0.00774140599404805
33015055001,710,0.2704225352112676,0.4330484330484331,351,0.11142061281337046,359,0.016669707182519894
25017324101,3311,0.27000906070673514,0.4478193146417445,1284,0.1573754316724223,2027,0.007715575288761389
25017327103,1339,0.28528752800597457,0.196524064171123,748,0.39763113367174285,591,0.012340046176340496
25017383101,3111,0.26808100289296044,0.338621110433191,1639,0.18953804347826086,1472,0.007941719137231289
25025091100,5543,0.2859462384990078,0.20706655710764177,3651,0.4381606765327696,1892,0.00606925256205126
25017312502,2398,0.2785654712260217,0.4110169491525424,1180,0.1502463054187192,1218,0.009154560826770726
25017316201,4012,0.2357926221335992,0.24573378839590443,1758,0.22803904170363798,2254,0.006701781386243008
25021416300,4420,0.32194570135746603,0.26298806066473057,3099,0.4602573807721423,1321,0.007027687111640722
25025140202,3021,0.2363455809334657,0.19069529652351735,1956,0.32018779342723,1065,0.007729418374627286
25023508102,2347,0.24201107797187904,0.38921568627450975,1020,0.1288620949510173,1327,0.008840819167818136
25023544100,2406,0.18412302576891104,0.4211356466876972,634,0.09932279909706543,1772,0.007901664364556141
25021417100,4465,0.2537513997760358,0.20771604938271604,3240,0.3755102040816326,1225,0.0065123128601018015
25025090400,5898,0.28602916242794163,0.20717406300298924,4349,0.5074241446094254,1549,0.005884275657347301
33017080500,1943,0.1770458054554812,0.5052192066805845,479,0.069672131147541,1464,0.008659528626905517
25017341101,4259,0.2418408077013383,0.15848702719599872,3199,0.4933962264150943,1060,0.006561319329840149
25025070600,7188,0.21452420701168617,0.0749279538904899,5552,0.6882640586797066,1636,0.004841729485401585
25017350400,6470,0.2545595054095827,0.13573033707865167,4450,0.5163366336633664,2020,0.005415630301580977
25025030100,4572,0.17257217847769024,0.10993377483443711,3775,0.46925972396486826,797,0.005588526822103691
25023525204,1108,0.37454873646209386,0.5640243902439024,656,0.0995575221238938,452,0.014540556392850543
25017352101,7233,0.2856352827319232,0.1754587155963303,5232,0.5737131434282858,2001,0.005311371656874283
25009265102,1769,0.3035613340870549,0.4635974304068522,934,0.12455089820359277,835,0.010932028302741974
25023545400,1324,0.24924471299093653,0.3979591836734694,392,0.18669527896995708,932,0.01188825698353199
33017083001,1269,0.2758077226162332,0.25757575757575757,330,0.28221512247071356,939,0.012545828449120753
33015100100,1925,0.3246753246753247,0.3901785714285714,1120,0.2335403726708074,805,0.010672485761211924
25009251800,3365,0.2826151560178306,0.40949554896142437,1685,0.15535714285714286,1680,0.007762136728978718
25017339900,7714,0.2679543686803215,0.16315327184892403,4554,0.4189873417721519,3160,0.005042659923713791
25025160601,5083,0.2592956915207555,0.23127572016460907,2430,0.2849604221635884,2653,0.006146954958238491
25009205300,3164,0.30183312262958284,0.29905063291139244,1896,0.305993690851735,1268,0.008161027315844196
25017365202,4378,0.2910004568296025,0.4427480916030534,1703,0.19439252336448598,2675,0.006864863946354393
25009209200,3278,0.23917022574740698,0.15314907113729048,2207,0.4164332399626517,1071,0.007450627174327688
25017316101,1941,0.2637815558990211,0.180545320560059,1357,0.4571917808219178,584,0.010002597464475316
25025000504,6004,0.30163224516988674,0.18834296724470134,4152,0.5556155507559395,1852,0.005923257745452579
25025000701,3788,0.24656810982048571,0.07551319648093846,2728,0.6867924528301887,1060,0.0070030216181726215
25017357800,5218,0.27117669605212724,0.19831888626214866,3807,0.46775336640680365,1411,0.006154393638060533
25025050101,4588,0.27179598953792505,0.1433051113201631,3189,0.5646890636168692,1399,0.006568048494852778
25025981502,5571,0.3042541733979537,0.4431407942238267,2216,0.21251862891207152,3355,0.006164203926403636
25009251200,2035,0.2722358722358722,0.32677902621722843,1068,0.21199586349534638,967,0.00986701506494321
25021400900,8545,0.31234640140433,0.21508801341156747,5965,0.5372093023255814,2580,0.005013569964005525
25025130404,3289,0.273335360291882,0.20069808027923208,2292,0.44032096288866596,997,0.007771108741685158
25017335200,3827,0.2686177162268095,0.2564308681672026,2488,0.2912621359223301,1339,0.007164902967417395
25021410300,2365,0.2587737843551797,0.46421267893660534,978,0.11391492429704397,1387,0.00900575134264377
25021417702,3850,0.28181818181818186,0.3252032520325203,2091,0.2302444570778852,1759,0.007250556525256653
25017354300,6589,0.2643800273182577,0.06862745098039214,4488,0.6825321275583056,2101,0.005432895153189868
25023506204,1560,0.24230769230769234,0.2272727272727273,594,0.2515527950310559,966,0.01084845122339085
25021412100,4480,0.28437500000000004,0.2744807121661721,2696,0.2993273542600897,1784,0.006739837908960608
25021413300,1807,0.2933038184836746,0.279796511627907,1376,0.3364269141531323,431,0.010710164827348918
25009215102,2341,0.29560017086715074,0.346644010195412,1177,0.24398625429553267,1164,0.009431076214790387
25009221400,2280,0.23333333333333328,0.2831858407079646,678,0.21223470661672905,1602,0.008857767155799185
25023521201,2571,0.27304550758459745,0.418394950405771,1109,0.16279069767441856,1462,0.008786584536827648
25009210100,3307,0.27366192924100396,0.27588555858310626,1468,0.27188689505165853,1839,0.007752816391306287
25009266100,2818,0.23562810503903475,0.540948275862069,928,0.08571428571428574,1890,0.007994575457621505
25017356701,7356,0.29282218597063625,0.1483798882681564,4475,0.5171815341895175,2881,0.005305733627142237
25021422100,4379,0.25188399177894494,0.3715393133997785,1806,0.16789739603575593,2573,0.006559900996815594
25009205900,2402,0.2689425478767694,0.2556993222427604,1623,0.2965340179717587,779,0.00904730039223364
25017310400,3184,0.315640703517588,0.385030343897505,1483,0.25514403292181065,1701,0.008236677414882996
25023507104,2188,0.2682815356489945,0.26961325966850824,905,0.2673421667965705,1283,0.009472044726322083
25023506202,2428,0.27924217462932455,0.36020942408376966,955,0.22674813306177866,1473,0.009104599525040717
25009254302,1576,0.23477157360406087,0.2125850340136054,1176,0.30000000000000004,400,0.010676777596369789
25009251000,2434,0.31388660640920296,0.27179487179487183,1365,0.36763330215154355,1069,0.009406413237483044
25025100603,6978,0.3182860418458011,0.17177722152690866,3196,0.4420941300898995,3782,0.005576277876106301
25021422501,3308,0.3047158403869408,0.289815817984832,1846,0.32352941176470584,1462,0.008002873142700461
25017354200,5993,0.2571333222092441,0.17957927142124164,3898,0.4014319809069212,2095,0.005645630889692188
25025091700,4078,0.2506130456105934,0.14129319192610335,2923,0.5272727272727273,1155,0.00678627243923448
25021413100,6369,0.2590673575129534,0.46311111111111114,2250,0.14760864287448405,4119,0.005489845059092159
25025081100,6494,0.267477671696951,0.19909793814432986,4656,0.44069640914037,1838,0.00549285403625349
25017338500,5540,0.2584837545126354,0.151951951951952,3330,0.4190045248868778,2210,0.005881960170306313
25009221700,1942,0.276519052523172,0.4275449101796407,835,0.16260162601626016,1107,0.010149659355027612
33015980011,948,0.29008438818565396,0.554726368159204,402,0.09523809523809523,546,0.014738774456713634
25009205800,5043,0.26333531627999207,0.24533217542336083,2303,0.27846715328467153,2740,0.006202188970270448
25023560100,824,0.2439320388349514,0.4164133738601824,329,0.12929292929292935,495,0.01496067658122222
25017352900,6174,0.26239067055393583,0.06578647848850439,4393,0.7473329590117912,1781,0.005598917686611396
25017353200,7084,0.24195369847543757,0.11665443873807779,5452,0.6605392156862745,1632,0.005088323596509669
25017363201,1746,0.3235967926689576,0.33086419753086416,1215,0.3069679849340866,531,0.011196513643973288
25025980300,3240,0.4898148148148148,0.624699663623258,2081,0.24762726488352027,1159,0.008782281931637851
25017383800,2630,0.3102661596958175,0.3306320907617504,1851,0.2618741976893453,779,0.009020489347998182
25009207100,4120,0.2546116504854369,0.21932006633499168,2412,0.3044496487119438,1708,0.006787062183890019
25017339200,4889,0.2065862139496829,0.09465950833568804,3539,0.5,1350,0.005790159413440845
25025100300,3763,0.297634865798565,0.1625355546525803,2461,0.5529953917050692,1302,0.007453431516143051
25023541100,829,0.2593486127864898,0.39814814814814814,432,0.10831234256926947,397,0.0152219965685262
25017368700,4666,0.26896699528504076,0.2314231738035264,3176,0.3489932885906041,1490,0.0064915083629020634
25025101101,3647,0.26131066630106936,0.1513102282333052,2366,0.46448087431693985,1281,0.007275144119350763
25017342102,4243,0.26537827009191606,0.19374758780393675,2591,0.3777239709443099,1652,0.006778413350139858
25009206700,2856,0.26960784313725494,0.22134595162986326,1902,0.3658280922431866,954,0.00830357686031245
25025051101,6530,0.30367534456355283,0.18506774286537908,3469,0.4380921267559621,3061,0.005690547624045098
25025140201,4787,0.29642782536035095,0.2296650717703349,2508,0.3698990785432207,2279,0.006600579981487745
25021413402,3167,0.2680770445216293,0.27958740499457113,1842,0.2520754716981132,1325,0.007871155021811273
25009262100,2511,0.2871365989645559,0.483005366726297,1118,0.12993539124192388,1393,0.009028676216658694
25023505101,1984,0.2691532258064516,0.31011450381679384,1048,0.22329059829059827,936,0.009957312286251949
25009252102,3339,0.26474992512728357,0.45478723404255317,1504,0.10899182561307907,1835,0.0076353201562282
25025130406,4005,0.2476903870162297,0.12458896602119107,2737,0.5134069400630915,1268,0.0068210560979316895
25017325100,2702,0.24796447076239825,0.5279429250891796,841,0.12144008597528211,1861,0.008307516951446128
25023506203,2250,0.24711111111111106,0.33333333333333337,750,0.20399999999999996,1500,0.009093274923481593
25017352500,6224,0.1773778920308483,0.08636796949475689,5245,0.6649642492339122,979,0.004841892480294872
25009205600,2912,0.25755494505494503,0.27318718381112983,1779,0.23300970873786409,1133,0.008103477312306174
25017383300,3605,0.3018030513176144,0.30664395229982966,1761,0.297180043383948,1844,0.007645363729451656
33015062500,1317,0.34244495064540625,0.49870466321243523,772,0.12110091743119267,545,0.013075808588869364
25025120105,3629,0.29760264535684766,0.36183144246353327,2468,0.16106804478897507,1161,0.007589555535040856
25021456401,2918,0.3156271418779987,0.34862932061978547,1678,0.2709677419354839,1240,0.008603812080265172
25017342101,5047,0.30057459877154746,0.26074818537130096,3582,0.39795221843003414,1465,0.0064540182034030155
25017342300,6543,0.29160935350756534,0.20611798980335028,4119,0.43688118811881194,2424,0.005618865985928378
25017369000,3698,0.29421308815575986,0.18303186907838076,2322,0.48183139534883723,1376,0.007493493606735352
25017370202,5349,0.18994204524210134,0.12611012433392543,4504,0.5301775147928994,845,0.005363302611112296
25021411301,2383,0.2639530004196391,0.2425892316999395,1653,0.3123287671232877,730,0.009029299395994402
25017317301,3683,0.21938636980722237,0.40065146579804556,1228,0.1287169042769858,2455,0.006819020979724283
25023510200,3193,0.3426244910742249,0.511600928074246,1724,0.14431586113002037,1469,0.008398785745651772
25017341700,4462,0.21627073061407442,0.10829723425524829,3001,0.4380561259411362,1461,0.006163354159047983
25025040200,3134,0.1853860880663688,0.10407239819004521,2652,0.6327800829875518,482,0.006941686327369374
25025100500,7178,0.32808581777653945,0.29477434679334913,4210,0.3753369272237197,2968,0.00554177521128373
25023500101,2394,0.2527151211361738,0.19130959565479788,1657,0.39077340569877883,737,0.008881711017330195
25017383902,2183,0.2537792029317453,0.2496402877697842,1390,0.26103404791929385,793,0.009313969704137887
25021408102,2369,0.26509075559307727,0.34477124183006536,1224,0.17991266375545856,1145,0.009068419796607372
25017365100,2216,0.2490974729241877,0.24889867841409696,1362,0.24941451990632324,854,0.009187377590897782
25009254301,2700,0.292962962962963,0.358797745773325,1597,0.19764279238440619,1103,0.008758819159692377
25009208102,4885,0.29600818833162745,0.24553275976174715,3022,0.3778851315083199,1863,0.006531356392820867
33017081200,1239,0.18644067796610164,0.45896656534954405,329,0.08791208791208793,910,0.011064436392155859
33017083002,2107,0.24157570004746087,0.2732558139534884,344,0.23539421440726038,1763,0.009325035101085087
25023507101,1037,0.2892960462873674,0.3338461538461538,650,0.21447028423772607,387,0.01408076455533375
25025160602,3871,0.2911392405063291,0.17476190476190478,2100,0.42913608130999437,1771,0.007301620461579158
25017364102,2714,0.26897568165070007,0.33677184466019416,1648,0.1641651031894934,1066,0.008511723337123814
25021418101,3544,0.31630925507900676,0.3223270440251572,2544,0.30100000000000005,1000,0.007811581056209708
25025981800,2773,0.11467724486116115,0.047638436482084656,2456,0.6340694006309149,317,0.0060508237636981675
25025081900,4269,0.29280862028578125,0.17709019091507572,3038,0.5783915515840781,1231,0.006964618478998246
33015003302,2293,0.20191888355865684,0.4227005870841487,511,0.13860830527497192,1782,0.008383202527346862
25017326102,1986,0.2784491440080564,0.41778697001034126,967,0.14622178606476943,1019,0.010058119580272246
25009260500,1276,0.3730407523510971,0.5567715458276334,731,0.12660550458715591,545,0.013538559509867126
25025061101,2437,0.20640131308986454,0.12293773283661524,1879,0.48745519713261654,558,0.008198396788856184
25017337102,3495,0.27839771101573674,0.33638554216867467,2075,0.19366197183098588,1420,0.007581553275970319
25025981501,4819,0.22535795808258974,0.05349679576483701,3589,0.7268292682926829,1230,0.006018780678619396
25017341600,5767,0.23426391538061386,0.1983313468414779,4195,0.33015267175572516,1572,0.005577213626113752
25025090300,4273,0.2623449567048912,0.1428571428571429,2968,0.5340996168582375,1305,0.006729713435193369
25009203100,2868,0.25348675034867507,0.2030250145433391,1719,0.3289817232375979,1149,0.008122819796457783
25009250600,1898,0.27555321390937826,0.3352668213457076,862,0.22586872586872586,1036,0.010255524616001639
25009250900,1634,0.3292533659730722,0.38596491228070173,912,0.25761772853185594,722,0.011625679247827309
25017356400,4319,0.2852512155591572,0.23151555704248916,2989,0.40601503759398494,1330,0.006870666405863238
25023540101,1989,0.22322775263951733,0.43891402714932126,663,0.11538461538461542,1326,0.009336918162313917
33015050000,1069,0.22170252572497662,0.41839080459770117,435,0.08675078864353314,634,0.012704842289374883
33017085000,1596,0.2807017543859649,0.2790697674418605,473,0.2813891362422084,1123,0.011247619616466444
25023507103,1995,0.27869674185463655,0.31370038412291934,781,0.2561779242174629,1214,0.010038144491348803
25023530801,1048,0.2614503816793893,0.452054794520548,365,0.15959004392386533,683,0.013573874758274847
25017354500,5499,0.2867794144389889,0.10091006423982873,3736,0.6806579693703914,1763,0.006098795368356318
33015004000,1129,0.35518157661647476,0.5863874345549738,573,0.11690647482014394,556,0.014242852052415222
25023500103,2837,0.31406415227352835,0.35125448028673834,1674,0.2605331040412726,1163,0.008714074454319931
25021417501,3595,0.24367176634214183,0.15213946117274169,2524,0.4593837535014006,1071,0.007159922390039484
25023505102,1813,0.20628792057363488,0.17686504610226317,1193,0.26290322580645165,620,0.00950319174179518
33017087000,1035,0.37681159420289856,0.11032028469750887,281,0.4761273209549072,754,0.015062658716534442
25009260800,2794,0.3045812455261274,0.505078485687904,1083,0.1776738749269433,1711,0.008706860326784627
25017314101,1740,0.25,0.2892655367231638,885,0.20935672514619885,855,0.010380684981717497
25021422800,3520,0.22102272727272732,0.19692307692307698,2275,0.2650602409638554,1245,0.0069937407344494015
25017338100,4204,0.22240723120837302,0.1564885496183206,2882,0.3661119515885023,1322,0.0064138559927078695
25009206400,2577,0.2925882809468374,0.34782608695652173,1564,0.20730503455083904,1013,0.008962050348504606
25009217202,2387,0.2647674905739422,0.20130340333091967,1381,0.35188866799204777,1006,0.009030638778320126
25017337101,1909,0.2462022001047669,0.21579961464354525,1557,0.38068181818181823,352,0.009859852846264712
25023501101,4042,0.27288471053933694,0.18337531486146097,1985,0.3592610597958191,2057,0.0070063702775690195
25025080500,6883,0.2843236960627633,0.1419276128507524,4918,0.6407124681933842,1965,0.005437208188124419
25017387201,3004,0.25033288948069243,0.3076923076923077,1469,0.19543973941368076,1535,0.007903932467052186
25017387202,1398,0.30543633762517886,0.276937618147448,1058,0.3941176470588236,340,0.01231864090110702
25021408101,2866,0.25505931612002797,0.3894273127753304,1135,0.16695551704217215,1731,0.008142229681124543
33015103100,2005,0.27032418952618453,0.42266949152542377,944,0.1347785108388313,1061,0.009918596908334512
33015003802,651,0.38095238095238093,0.4520255863539445,469,0.19780219780219777,182,0.019032983917492346
25009217600,3619,0.260292898590771,0.5065743944636678,1445,0.09659613615455387,2174,0.007294016851335943
25025100200,3299,0.3031221582297666,0.28971962616822433,2247,0.33174904942965777,1052,0.008001953297078491
25021402300,3539,0.304323255156824,0.2703610411418975,2382,0.37424373379429554,1157,0.0077344784186075405
33015003602,1638,0.31746031746031744,0.4683393070489845,837,0.15980024968789008,801,0.01150142700437396
25021402102,4771,0.3227834835464263,0.3157203807023301,3047,0.3352668213457076,1724,0.006768847264637085
25023543100,1296,0.30092592592592593,0.5412844036697247,654,0.05607476635514019,642,0.01274057122412244
25021403100,4034,0.29970252850768464,0.27325780981805703,2913,0.368421052631579,1121,0.007213043240528477
25025110501,2613,0.27095292766934553,0.1367924528301887,1908,0.6340425531914894,705,0.00869470805742704
25025000201,5365,0.2320596458527493,0.0803129074315515,3835,0.6124183006535948,1530,0.005763399098984421
25023523202,2434,0.25718981101068206,0.30549898167006106,982,0.22451790633608815,1452,0.0088594246509024
25017310700,3121,0.3242550464594681,0.5407554671968191,1509,0.12158808933002485,1612,0.008378917091109377
25023530802,1078,0.23747680890538037,0.48395721925133695,374,0.10653409090909094,704,0.012960678870646837
25023530901,918,0.30718954248366015,0.4130982367758187,397,0.22648752399232241,521,0.015226114458938955
25023530400,1331,0.2682193839218633,0.49912739965095987,573,0.09366754617414252,758,0.012143573430635799
25023521202,1354,0.2791728212703102,0.3513838748495788,831,0.1644359464627151,523,0.012191097713781811
25021404201,4868,0.26047658175842237,0.16280487804878052,3280,0.4622166246851386,1588,0.006290497916163068
25009206600,3816,0.2777777777777778,0.3083818915284626,2231,0.2347003154574132,1585,0.00725070089778027
25021418102,2982,0.34909456740442657,0.3070436507936508,2016,0.43685300207039335,966,0.008729244818135796
25025060200,2054,0.21275559883154815,0.08576642335766427,1644,0.7219512195121951,410,0.009030152185288628
25025060700,2551,0.22696981575852604,0.07911065149948293,1934,0.6904376012965965,617,0.008293293765389842
25021417300,5541,0.273235878000361,0.2459186317698886,3859,0.335909631391201,1682,0.005986479878992902
25021456302,3697,0.279415742493914,0.3679175864606328,1359,0.22797262617621894,2338,0.007379774561821502
25017335400,4116,0.2254616132167152,0.16679596586501166,2578,0.3237971391417426,1538,0.006513585156387535
25025000503,2668,0.20877061469265368,0.07831039392501182,2107,0.6987522281639929,561,0.007868518611053685
25017387100,2372,0.30354131534569984,0.3701044386422977,1532,0.18214285714285716,840,0.009440592300170384
25017313102,1876,0.27292110874200426,0.3186619718309859,1136,0.20270270270270274,740,0.010284730467102082
25021409101,2260,0.30044247787610623,0.22487046632124352,965,0.3567567567567568,1295,0.009643577241841741
25009263100,1737,0.3229706390328152,0.4592233009708738,1030,0.12446958981612444,707,0.011219806417585835
25025081800,5530,0.28679927667269445,0.13542795232936078,3692,0.5908596300326442,1838,0.006081802988423949
25017322300,2421,0.25320115654688147,0.3411078717201166,1029,0.18821839080459768,1392,0.008837659525354064
25017382601,2409,0.3316728933167289,0.3862433862433863,1323,0.26519337016574585,1086,0.009592484976173528
25017357400,5700,0.19333333333333336,0.030609997797841904,4541,0.8308886971527178,1159,0.00523073835913023
25025040300,4505,0.23018867924528297,0.12439024390243902,3690,0.7092024539877301,815,0.006271720989608616
25009215101,2618,0.2719633307868602,0.34042553191489366,1363,0.19760956175298805,1255,0.008696549667804478
25017318100,2115,0.2808510638297872,0.3928571428571429,1148,0.1478800413650465,967,0.009772198316710407
33015060000,1774,0.22886133032694478,0.562396006655574,601,0.05797101449275366,1173,0.009974144189634968
25017350600,4697,0.2169469874387907,0.14261019878997405,3471,0.42740619902120713,1226,0.006013981865224121
25017370101,3407,0.26210742588787794,0.16885784716516028,2434,0.4953751284686536,973,0.007534425895753795
25023522102,3138,0.2654557042702358,0.47933227344992047,1258,0.12234042553191493,1880,0.007882764583740487
25009205400,2970,0.24511784511784507,0.2210526315789474,1805,0.28240343347639485,1165,0.007893122077832406
25025140107,1859,0.3297471759010221,0.2608024691358025,1296,0.48845470692717585,563,0.010903606597837715
33015056000,554,0.2509025270758123,0.3926174496644296,298,0.0859375,256,0.018419031957083724
33017086000,418,0.33492822966507174,0.22140221402214022,271,0.5442176870748299,147,0.023084580835286823
25025050400,5985,0.2554720133667502,0.07699852869053458,4078,0.6371263765076036,1907,0.005637416232633952
25009221800,698,0.30085959885386815,0.36363636363636365,363,0.23283582089552235,335,0.017359468512495684
33015003500,2030,0.2812807881773399,0.3865435356200527,758,0.21855345911949686,1272,0.009979335949843536
25017318200,2699,0.27899221934049645,0.49732620320855614,1309,0.07338129496402879,1390,0.008633056420937164
25017330100,3448,0.24593967517401394,0.19721689059500958,2084,0.3203812316715543,1364,0.007333878561394472
25017350800,4085,0.2457772337821298,0.12663316582914574,2985,0.5690909090909091,1100,0.0067363495436461845
25025010802,4756,0.22266610597140457,0.1367765377627822,3853,0.5891472868217054,903,0.00603267510199542
33015051000,1012,0.3241106719367589,0.3934707903780069,582,0.23023255813953492,430,0.01471276180579341
25009252501,2609,0.274051360674588,0.46726190476190477,1008,0.15240474703310436,1601,0.008732365186943508
25017362100,2179,0.2950894905920147,0.2775712515489467,1614,0.34513274336283184,565,0.009770465351132351
25025170200,3222,0.25698324022346364,0.1480945489628558,2073,0.45343777197563095,1149,0.007698195522189767
25021442201,1169,0.3738237810094097,0.4432497013142175,837,0.1987951807228916,332,0.014150588188291915
25009261101,1815,0.3245179063360881,0.37087691069991957,1243,0.22377622377622375,572,0.010989753173878446
25025081500,2591,0.2458510227711308,0.1455078125,2048,0.6243093922651934,543,0.008459230839993177
25017358500,3748,0.22945570971184637,0.16988698505286182,2743,0.3920398009950249,1005,0.006868287195130361
25021417400,2491,0.23283821758329992,0.12116641528406236,1989,0.6752988047808766,502,0.008468056538540377
25017340100,3000,0.2503333333333333,0.2100213219616205,1876,0.31761565836298933,1124,0.007909204670415258
25017327102,1580,0.31139240506329113,0.26131953428201815,773,0.3593556381660471,807,0.011649609520597631
33017088500,427,0.3723653395784543,0.2192982456140351,228,0.5477386934673367,199,0.02339505910020933
25017301101,1040,0.3375,0.16699410609037324,509,0.5009416195856874,531,0.014662673370999416
25017328100,946,0.39006342494714585,0.42814814814814817,675,0.2952029520295203,271,0.015858583201810977
25023542102,1105,0.30316742081447967,0.4149797570850202,494,0.21276595744680848,611,0.013826884945794246
25017311500,1462,0.313953488372093,0.35924617196702,849,0.25122349102773245,613,0.012137681868586539
33015064000,1533,0.2667971298108285,0.54375,640,0.06830907054871216,893,0.011296179304771137
25025981000,1033,0.24394966118102612,0.23367697594501713,873,0.30000000000000004,160,0.013362118073499935
25023504102,1910,0.2691099476439791,0.26584673604541154,1057,0.2731535756154748,853,0.010147854175026826
25017312000,2122,0.32469368520263897,0.38192668371696503,1173,0.25395152792413067,949,0.010165169782959102
25017339400,5283,0.2712473973121332,0.13157894736842102,3344,0.5121196493037647,1939,0.006116916384424947
25017368901,4509,0.23952095808383234,0.16089613034623218,2946,0.3877159309021113,1563,0.006355873828084252
25017312501,1375,0.25090909090909086,0.3054298642533937,884,0.15274949083503053,491,0.011691604416169421
25017341400,5036,0.2801826846703733,0.2595585949642524,3217,0.31665750412314464,1819,0.0063283272631414434
25017327101,873,0.2691867124856816,0.26027397260273977,584,0.28719723183391,289,0.015011459017716671
25009268100,383,0.4464751958224543,0.7397260273972603,219,0.054878048780487854,164,0.025401994912395903
25009210900,2648,0.2987160120845922,0.27301189730745146,1597,0.33777354900095147,1051,0.00889441158709732
25025050500,3638,0.24381528312259482,0.15782266347141394,2921,0.5941422594142259,717,0.007118902796843634
25025010801,6166,0.22315926046059031,0.0806484711676585,4873,0.7602474864655839,1293,0.005302390309936545
25025981100,2330,0.30085836909871244,0.22979397781299526,1893,0.6086956521739131,437,0.009501357726379143
25025110403,1587,0.3169502205419029,0.21315570358034974,1201,0.6398963730569949,386,0.011679741837968927
25017317202,1278,0.27308294209702655,0.2522889114954222,983,0.34237288135593225,295,0.01246304863370964
25009252603,1210,0.30578512396694213,0.44459644322845415,731,0.09394572025052195,479,0.013245319832329985
25009217201,2487,0.2782468837957378,0.26073619631901845,1630,0.3115519253208868,857,0.008986107211698752
25023510100,1613,0.35089894606323624,0.5104895104895104,1001,0.08986928104575165,612,0.011883106935874965
33015003801,973,0.34326824254881805,0.36472602739726023,584,0.31105398457583544,389,0.015221393103881185
25023501201,1333,0.19429857464366096,0.17191977077363896,1047,0.27622377622377625,286,0.01083694323764829
33017080202,1130,0.28495575221238933,0.5216535433070866,508,0.09163987138263663,622,0.013428142798643515
25025120104,3280,0.21615853658536588,0.08750934928945397,2674,0.7838283828382838,606,0.007187260571762673
33017088000,730,0.3671232876712329,0.13157894736842102,266,0.5021551724137931,464,0.01784037975364821
33017084100,796,0.3668341708542714,0.37650602409638556,332,0.3599137931034483,464,0.01708193607690859
25017357600,3347,0.24738571855392888,0.07471980074719797,2409,0.6908315565031983,938,0.0074584002128160135
25017385201,1885,0.26949602122015914,0.22126188418323245,1157,0.34615384615384615,728,0.010219550509112869
33017082000,1204,0.28239202657807305,0.19797979797979803,495,0.34132581100141046,709,0.012973483367381428
25023510800,2640,0.2659090909090909,0.33822393822393826,1295,0.19628252788104095,1345,0.008598833744939074
25021442103,1168,0.3236301369863014,0.3288288288288288,888,0.30714285714285716,280,0.01368973941524463
25017388200,1422,0.3143459915611815,0.3379416282642089,651,0.2944228274967574,771,0.012311378256085534
25021420201,1377,0.2592592592592593,0.25884732052578363,989,0.2603092783505154,388,0.011809548213653322
33015003301,804,0.33333333333333337,0.3272394881170019,547,0.3463035019455253,257,0.016625155601793885
25025981600,2297,0.21288637353069217,0.119693094629156,1955,0.7456140350877193,342,0.00854106741606998
25025980101,262,0.2977099236641222,0.025316455696202556,158,0.7115384615384616,104,0.02824907787564971
25017317103,1894,0.31784582893347413,0.3359375,1408,0.26543209876543206,486,0.010699402868076508
25009252201,1543,0.33246921581335065,0.3893805309734514,1017,0.22243346007604559,526,0.01199301579940916
25017354400,5156,0.21780449961210235,0.14853556485355646,4302,0.5667447306791569,854,0.005748236474610444
25023510400,2293,0.24160488443087658,0.2777777777777778,1152,0.20508326029798418,1141,0.008939198708494125
25021419300,2145,0.26340326340326337,0.23631840796019898,1608,0.34450651769087526,537,0.009510685543218886
25009250400,2078,0.31520692974013476,0.30729166666666663,1152,0.32505399568034554,926,0.010191891349029378
25023540103,865,0.2809248554913295,0.32773109243697474,476,0.2236503856041131,389,0.01528178790868834
25017300100,338,0.31065088757396453,0.234375,256,0.5487804878048781,82,0.025170831340369026
25025010408,2219,0.19152771518702116,0.11380400421496317,1898,0.6510903426791277,321,0.008353524121928295
33015053000,850,0.44823529411764707,0.6333333333333333,570,0.0714285714285714,280,0.017057701908001884
33015058000,690,0.31304347826086953,0.2891304347826087,460,0.36086956521739133,230,0.017653971059587766
25023506101,1462,0.29822161422708615,0.4041297935103245,678,0.20663265306122447,784,0.011964536146247142
25009266400,1811,0.3384870237437879,0.6354916067146283,834,0.08495394063459571,977,0.011119390203041656
25009253205,573,0.38219895287958117,0.4580498866213152,441,0.12878787878787878,132,0.02029979982953661
25017360100,1128,0.32978723404255317,0.31449631449631454,814,0.3694267515923567,314,0.013998087961666376
25023540102,270,0.4740740740740741,0.5809523809523809,210,0.09999999999999998,60,0.030388097472827856
25023525300,338,0.4526627218934911,0.7109004739336493,211,0.023622047244094446,127,0.02707425588379383
25017317201,311,0.22186495176848875,0.2170818505338078,281,0.2666666666666667,30,0.023560887458463905
